,Unnamed: 0,movieCd,preview,audience
0,0,20070316,"41,041,000","3,401,286"
1,1,20122021,"47,384,000","2,966,980"
2,2,20110659,"71,373,000","3,832,454"
3,3,20090303,"1,853,000","3,437,612"
4,4,20070061,"24,882,000","2,523,764"
5,5,20070209,"52,417,000","1,851,294"
6,6,20070056,"125,756,000","2,503,039"
7,7,20070057,,"2,670,521"
8,8,20070063,"277,000","2,464,565"
9,9,20070060,"642,590,100","1,703,577"
10,10,20070015,"552,999,200","1,653,710"
11,11,20090926,"32,477,000","320,675"
12,12,20070435,"84,582,000","725,204"
13,13,20147247,"21,368,000","979,115"
14,14,20070033,"817,000","1,180,217"
15,15,20060387,"370,894,700","1,180,054"
16,16,20100321,"972,000",110
17,17,20070116,"363,622,000","1,721,882"
18,18,20070014,"20,648,000","1,032,314"
19,19,20070550,"433,000","1,176,767"
20,20,20143261,"5,184,000","4,178"
21,21,20070551,"17,078,000","1,336,617"
22,22,20070434,"71,352,000","692,360"
23,23,20070104,"39,017,500","762,641"
24,24,20070466,"182,376,000","450,120"
25,25,20134561,,580
26,26,20090340,"1,800,000","3,596"
27,27,20162583,"11,000",9
28,28,20140281,"11,186,000","1,553"
29,29,20070422,,"567,402"
30,30,20070585,"85,058,000","522,485"
31,31,20060319,"242,461,300","1,476,062"
32,32,20070582,"18,744,000","395,818"
33,33,20060421,"1,734,000","855,255"
34,34,20070637,"26,184,000","783,677"
35,35,20070115,"8,020,000","436,411"
36,36,20141110,"3,135,000","1,564"
37,37,20070421,"53,020,000","456,581"
38,38,20070020,"18,832,000","641,396"
39,39,20060407,"531,687,800","874,443"
40,40,20070058,"59,659,000","629,913"
41,41,20070497,"4,844,000","667,383"
42,42,20070205,"174,161,500","662,040"
43,43,20060412,"218,869,900","568,070"
44,44,20070089,"293,326,000","754,165"
45,45,20070380,"289,635,500","307,866"
46,46,20070549,"74,539,000","791,441"
47,47,20070128,"295,776,500","760,227"
48,48,20060417,"56,088,000","635,841"
49,49,20070151,"24,463,500","500,211"
50,50,20070084,"26,542,000","628,309"
51,51,20140704,"24,356,000","234,720"
52,52,20155748,"5,248,000","1,825"
53,53,20090076,"523,500","5,595"
54,54,20070034,"53,765,000","349,475"
55,55,20070367,"215,139,000","557,591"
56,56,20070264,"71,985,000","411,443"
57,57,20070521,,"583,796"
58,58,20070083,"27,495,000","395,906"
59,59,20070072,"55,482,000","520,236"
60,60,20070021,"5,888,000","541,700"
61,61,20060345,"205,634,600","545,701"
62,62,20070381,"41,330,000","444,311"
63,63,20060357,"52,853,000","894,238"
64,64,20070383,"4,516,000","486,957"
65,65,20070306,"114,992,000","403,259"
66,66,20090329,"17,108,000","838,676"
67,67,20030435,"65,860,500","141,530"
68,68,19590001,,594
69,69,20070352,"169,472,500","401,256"
70,70,20135769,,"4,190"
71,71,20060390,"51,630,000","347,141"
72,72,20060423,"86,880,000","344,123"
73,73,20070379,"420,612,500","396,337"
74,74,20070103,"302,000","244,034"
75,75,20070262,"55,621,000","370,563"
76,76,20100286,"11,944,000","10,953"
77,77,20161407,"1,008,000","5,866"
78,78,20060430,"3,456,000","309,841"
79,79,20070059,"50,148,000","465,453"
80,80,20070294,"7,397,000","325,272"
81,81,20070250,"18,848,000","430,993"
82,82,20101281,"2,733,500","5,160"
83,83,20060405,"1,910,000","379,837"
84,84,20149847,,70
85,85,20119707,,"639,532"
86,86,20070424,"89,307,500","349,879"
87,87,20070640,"28,000","320,820"
88,88,20070520,"2,094,000","279,951"
89,89,20070097,"16,461,000","266,905"
90,90,20070113,"102,685,500","261,275"
91,91,20060425,"24,270,000","5,387"
92,92,20159059,"24,760,000","199,764"
93,93,20070562,"22,758,500","341,708"
94,94,20113311,0,"213,306"
95,95,20090861,"180,501,000","373,786"
96,96,20070254,"96,440,000","361,404"
97,97,20070586,"35,557,000","451,248"
98,98,20060422,"3,774,500","231,164"
99,99,20070462,"97,536,500","270,274"
100,100,20051193,,130
101,101,20144003,,214
102,102,20143590,,113
103,103,20140148,,110
104,104,20147950,"17,272,000","12,149"
105,105,20060408,"11,809,500","233,783"
106,106,20070111,"7,254,000","258,523"
107,107,20150020,"26,409,200","14,299"
108,108,19910095,,656
109,109,19900042,,828
110,110,20060413,"91,056,400","205,716"
111,111,20070107,"14,776,000","313,811"
112,112,20070071,"1,566,500","251,018"
113,113,20070110,"78,935,500","213,402"
114,114,20070374,"44,784,000","216,898"
115,115,20130254,,"1,299"
116,116,20072520,"5,929,000","242,886"
117,117,20110312,"28,556,000","414,076"
118,118,20060397,0,"233,881"
119,119,20113890,"1,818,000","98,662"
120,120,20070088,0,"242,915"
121,121,20060230,"3,766,000","235,186"
122,122,20070610,"81,317,500","284,446"
123,123,20070545,"41,480,000","210,954"
124,124,20060420,"67,047,000","222,447"
125,125,20070635,"5,502,000","227,030"
126,126,20060409,"2,695,000","236,645"
127,127,20060375,0,"158,829"
128,128,20070042,"13,337,500","204,003"
129,129,20060383,"12,170,000","194,098"
130,130,20070023,"7,555,000","178,080"
131,131,20070504,"10,983,000","198,102"
132,132,20071060,"25,904,000","197,784"
133,133,20060391,"9,268,000","219,567"
134,134,20060396,"106,295,000","349,917"
135,135,20070117,"3,171,000","194,522"
136,136,20070457,0,"275,064"
137,137,20070096,"7,142,000","182,850"
138,138,20060389,"56,142,000","165,761"
139,139,20070593,0,"208,441"
140,140,20070196,"6,028,000","149,020"
141,141,20060419,"3,877,000","178,351"
142,142,20070317,"1,944,000","208,090"
143,143,20070025,,"169,971"
144,144,20070092,"32,389,000","168,843"
145,145,20150385,"22,202,000","208,444"
146,146,20151111,"10,434,000","26,417"
147,147,20080379,"1,135,000","656,495"
148,148,20070261,"148,000","183,375"
149,149,20070234,"2,165,000","170,444"
150,150,20100763,"17,218,000","52,260"
151,151,20060282,0,"143,933"
152,152,20070305,"17,548,000","183,418"
153,153,20070064,,"154,675"
154,154,20070010,"5,494,000","166,563"
155,155,20070456,"18,255,000","138,491"
156,156,20070642,"13,969,000","265,787"
157,157,20070108,"26,637,000","148,418"
158,158,20070454,"359,500","21,335"
159,159,20080011,"158,889,500","542,444"
160,160,20080975,,"20,465"
161,161,20080973,,966
162,162,20147881,,820
163,163,20070013,"71,939,000","171,982"
164,164,20060358,"245,157,700","631,023"
165,165,20060398,0,"164,394"
166,166,20070124,"924,500","84,162"
167,167,20070029,0,"106,252"
168,168,20080034,"48,334,000","14,858"
169,169,20070474,"78,016,000","152,558"
170,170,20070348,"12,000","137,456"
171,171,20070643,"10,435,000","222,778"
172,172,20133981,"10,062,000","241,693"
173,173,20070641,"26,430,000","219,177"
174,174,20154806,,220
175,175,20060370,"406,698,000","1,040,506"
176,176,20070555,"47,109,500","148,839"
177,177,20070303,"41,612,500","138,493"
178,178,20122843,"28,514,000","239,560"
179,179,20070047,"7,975,000","132,719"
180,180,20070257,,"153,771"
181,181,20153385,"11,012,000","62,041"
182,182,20148615,"1,617,000","2,917"
183,183,19990163,,"4,810"
184,184,20060403,0,"155,364"
185,185,20070449,0,"119,521"
186,186,20070543,"28,000","122,825"
187,187,20070208,,"126,065"
188,188,20060348,"318,295,000","513,920"
189,189,20070085,"132,500","112,308"
190,190,20070099,"22,271,000","90,486"
191,191,20070043,0,"116,282"
192,192,20070005,,"99,571"
193,193,20070370,0,"102,061"
194,194,20070499,"22,538,000","93,836"
195,195,20070102,0,"56,486"
196,196,20070358,"21,589,500","106,249"
197,197,20070391,"6,382,000","98,048"
198,198,20070148,"21,460,000","47,171"
199,199,20070465,"1,316,000","101,435"
200,200,20070037,"70,458,500","96,320"
201,201,20113911,"4,212,000","123,635"
202,202,20060318,"29,855,000","336,261"
203,203,20070091,"8,362,000","88,258"
204,204,20070173,"1,548,000","102,324"
205,205,20070268,"436,000","68,267"
206,206,20070522,"2,506,000","75,882"
207,207,20070055,"15,855,500","53,228"
208,208,20070206,"23,531,500","66,046"
209,209,20070293,"25,642,000","85,615"
210,210,20070453,"29,836,500","77,698"
211,211,20070041,"2,025,000","78,230"
212,212,20149248,"9,896,000","22,986"
213,213,20156353,"742,000",264
214,214,20050082,0,"89,096"
215,215,20149397,"33,961,000","12,566"
216,216,20080747,"81,000",158
217,217,20070355,,"78,135"
218,218,20070049,,"56,689"
219,219,20070204,"30,950,000","74,464"
220,220,20070130,"4,461,000","62,438"
221,221,20070100,"3,693,000","68,651"
222,222,20070028,"19,654,500","50,687"
223,223,20070393,,"69,363"
224,224,20070192,,"51,769"
225,225,20070353,"46,384,000","36,951"
226,226,20070008,"71,000","51,375"
227,227,20060418,,"38,179"
228,228,20070216,,"18,015"
229,229,20070420,,"53,707"
230,230,20070502,"2,330,000","42,518"
231,231,20070035,"7,135,000","36,214"
232,232,20070050,,"42,112"
233,233,20070226,"56,580,000","33,050"
234,234,20070229,,"8,734"
235,235,20070068,"5,107,000","10,821"
236,236,20060404,"14,701,500","21,895"
237,237,20070179,"13,099,500","21,418"
238,238,20070044,0,"31,728"
239,239,20070271,,707
240,240,20070309,,"24,935"
241,241,20070500,"6,356,000","35,299"
242,242,20060018,"61,883,000","367,336"
243,243,20090922,"34,606,000","139,957"
244,244,20060365,"4,745,500","14,105"
245,245,20070054,,"6,031"
246,246,20070040,0,"28,642"
247,247,20070602,"5,741,500","6,419"
248,248,20126581,"2,367,000","1,459"
249,249,20060097,,"1,102"
250,250,20060039,"120,500","23,063"
251,251,20070260,,"22,995"
252,252,20070202,"2,196,000","8,837"
253,253,20070122,"1,791,000","5,544"
254,254,20070661,"140,953,500","344,910"
255,255,20070463,"5,846,500","13,799"
256,256,20060263,,"17,773"
257,257,20070541,"2,919,000","15,786"
258,258,20090823,"6,800,000","21,230"
259,259,20070263,"6,522,000","10,335"
260,260,20070215,,"7,547"
261,261,20070105,"10,996,000","7,313"
262,262,20060402,,"8,723"
263,263,20070252,,"6,346"
264,264,20060392,"1,811,000","6,820"
265,265,20070604,"7,047,500","12,108"
266,266,20070354,0,"9,667"
267,267,20070373,,"8,403"
268,268,20070566,"97,949,000","254,924"
269,269,20070135,,"2,019"
270,270,20148826,"3,131,000","3,104"
271,271,20070175,,"3,702"
272,272,20145502,"61,764,000","179,462"
273,273,20124350,"5,873,000","13,708"
274,274,20080046,"46,469,500","965,364"
275,275,20151803,"26,183,000","1,863,584"
276,276,20080653,"14,481,000","1,489,961"
277,277,20110511,,"1,950,979"
278,278,20080872,,364
279,279,20080843,,440
280,280,20081169,"998,298,500","964,623"
281,281,20081672,"597,740,000","832,687"
282,282,20080736,"370,238,500","1,873,340"
283,283,20121621,"10,252,000","3,783,641"
284,284,20090933,"44,586,000","2,630,792"
285,285,20080396,"19,460,000","1,881,384"
286,286,20070675,"16,263,000","2,015,100"
287,287,20080996,"693,000","2,515,966"
288,288,20112703,"8,116,000","3,197,994"
289,289,20081056,"405,784,000","1,424,626"
290,290,20081157,,560
291,291,20081145,,"1,191"
292,292,20070382,"112,603,000","1,018,761"
293,293,20081001,"1,857,494,000","1,173,896"
294,294,20149520,"6,008,500","7,420"
295,295,20080847,"410,523,500","1,395,792"
296,296,20080873,"2,011,000","1,525,338"
297,297,20143642,"1,013,909,000","1,341,953"
298,298,20128447,"18,258,000","1,762,375"
299,299,20080337,"5,940,000","492,903"
300,300,20081611,"36,807,000","811,337"
301,301,20081366,"26,157,000","839,333"
302,302,20081448,,205
303,303,20081484,"302,000","954,951"
304,304,20080968,"992,835,000","1,157,118"
305,305,20081395,"20,909,000","701,312"
306,306,20080764,"554,159,500","1,085,528"
307,307,20080047,"14,999,000","903,174"
308,308,20081058,"555,836,500","761,266"
309,309,20071064,"18,611,000","724,050"
310,310,20080914,"37,051,000","979,082"
311,311,20071675,"2,122,000","575,157"
312,312,20081057,"24,898,500","521,904"
313,313,20081243,"111,830,000","606,171"
314,314,20081723,"440,912,000","1,260,889"
315,315,20081757,,679
316,316,20100361,"41,940,000","1,254,588"
317,317,20090828,"200,797,000","1,041,944"
318,318,20081697,"80,796,000","707,261"
319,319,20070563,"14,522,000","489,600"
320,320,20080637,"225,652,500","632,611"
321,321,20080148,,"653,380"
322,322,20081686,"21,170,000","479,545"
323,323,20070548,"36,913,000","781,735"
324,324,20113653,"20,000","786,407"
325,325,20081696,"43,866,000","488,572"
326,326,20100285,"192,000","195,065"
327,327,20080709,"22,841,000","569,497"
328,328,20080149,"67,009,000","459,174"
329,329,20080291,"22,346,000","558,240"
330,330,20080032,"12,231,000","511,629"
331,331,20080830,"258,000","658,791"
332,332,20072151,"1,170,000","485,641"
333,333,19840018,,314
334,334,20110162,"19,830,000","8,521"
335,335,20081673,"20,752,000","530,924"
336,336,20072148,"28,066,000","564,066"
337,337,20080663,"254,528,000","403,147"
338,338,20080226,"37,919,500","541,491"
339,339,20090641,"877,000","1,903"
340,340,20081703,"94,000","335,404"
341,341,20080476,"4,528,000","611,001"
342,342,20072686,"9,797,000","503,059"
343,343,20080890,"18,247,000","476,612"
344,344,20080394,"71,946,000","488,892"
345,345,20080009,"175,000","425,673"
346,346,20080946,"6,438,000","323,472"
347,347,20080641,"177,000","392,201"
348,348,20080742,,16
349,349,20080230,"25,936,000","248,550"
350,350,20080038,"22,021,000","257,878"
351,351,20081244,"97,661,000","445,801"
352,352,20081535,"12,521,000","328,020"
353,353,20080393,"13,365,000","418,250"
354,354,20080833,"280,075,500","430,705"
355,355,20080741,"452,773,000","392,608"
356,356,20081444,"104,000","322,183"
357,357,20070660,"4,900,000","358,246"
358,358,20162065,"162,522,200","295,859"
359,359,20070672,"9,998,000","448,272"
360,360,20081565,"9,982,000","269,727"
361,361,20071067,"31,852,000","338,801"
362,362,20081391,"2,271,000","337,537"
363,363,20158909,"11,869,000","4,990"
364,364,20090858,"4,304,000","2,356"
365,365,20124746,"4,112,000","167,019"
366,366,20080254,"60,294,000","312,755"
367,367,20081716,"73,094,000","1,613,924"
368,368,20080750,"189,867,500","282,703"
369,369,20081132,"119,620,500","271,335"
370,370,20081332,"2,388,000","258,974"
371,371,20081002,"15,106,000","266,213"
372,372,20080013,"37,830,000","183,163"
373,373,20110501,,"96,953"
374,374,20080062,"2,821,500","270,906"
375,375,20080829,"133,000","293,672"
376,376,20080962,,"86,338"
377,377,20071003,"489,940,500","265,946"
378,378,20080965,"1,846,000","218,078"
379,379,20071014,"82,869,000","179,466"
380,380,20081094,"7,307,000","192,974"
381,381,20080743,"19,433,500","225,683"
382,382,20080659,0,"209,269"
383,383,20080349,"600,000","81,759"
384,384,20080363,"2,766,000","179,009"
385,385,20080963,"9,085,000","104,754"
386,386,20080397,"22,397,000","202,274"
387,387,20080014,"6,000,000","234,615"
388,388,20080142,"23,562,000","188,138"
389,390,20081623,"1,732,000","178,549"
390,391,20081390,"2,706,000","166,268"
391,392,20080874,,"149,914"
392,393,20081096,"88,000","196,029"
393,394,20080141,,"173,406"
394,395,20081334,,"183,238"
395,396,20080514,"12,116,000","157,616"
396,397,20080015,"6,356,000","133,171"
397,398,20080364,"49,000","129,174"
398,399,20071047,"6,130,000","106,817"
399,400,20080065,"13,727,000","149,071"
400,401,20081247,"44,157,000","171,855"
401,402,20080331,"1,890,000","130,742"
402,403,20080348,0,"132,119"
403,404,20081158,"3,843,000","162,234"
404,405,20134073,"21,699,500","22,587"
405,406,20081618,"54,889,500","128,327"
406,407,20081212,"85,798,500","160,972"
407,408,20090889,"447,000","1,058"
408,409,20080236,"12,544,000","108,742"
409,410,20080836,"12,000","147,152"
410,411,20080258,0,"124,185"
411,412,20080024,"1,545,000","122,958"
412,413,20081059,"40,467,000","87,703"
413,414,20080021,"46,656,500","157,709"
414,415,20081172,"31,014,500","139,654"
415,416,20081393,,"106,204"
416,417,20080145,"47,798,000","115,520"
417,418,20081681,"1,988,000","121,075"
418,419,20135141,"2,510,000","3,730"
419,420,20081446,,"108,438"
420,421,20081738,"6,526,500","139,166"
421,422,20122523,"18,256,000","243,062"
422,423,20081718,"43,687,500","138,649"
423,424,20081445,"3,999,000","87,009"
424,425,20081276,"2,953,000","114,161"
425,426,20148348,,150
426,427,20136860,"6,733,000","45,573"
427,428,20139821,,"10,875"
428,429,20080478,0,"97,570"
429,430,20080472,"5,815,000","69,562"
430,431,20080252,"3,433,000","106,377"
431,432,20080654,"13,000","93,847"
432,433,20080350,"3,187,000","80,801"
433,434,20164825,"7,256,000",479
434,435,20141114,"20,470,000","6,695"
435,436,20110322,"32,072,000","54,235"
436,437,20088397,"4,560,000","5,563"
437,438,20080328,,"53,846"
438,439,20080078,"35,137,000","87,687"
439,440,20080055,"16,130,000","50,843"
440,441,20081173,"21,000","60,545"
441,442,20080146,"27,586,000","75,504"
442,443,20081361,"17,887,000","86,417"
443,444,20071066,"3,909,500","26,540"
444,445,20061223,"12,400,000","82,154"
445,446,20081403,"20,591,000","77,590"
446,447,20071065,0,"73,455"
447,448,20080365,"14,118,000","50,281"
448,449,20080837,"2,842,000","85,120"
449,450,20080887,"15,200,000","70,302"
450,451,20071063,"2,739,000","74,307"
451,452,20040569,"6,346,500","102,472"
452,453,20155563,"45,221,000","366,117"
453,454,20080008,"7,653,000","61,448"
454,455,20081136,"2,548,000","28,694"
455,456,20080878,"56,000","69,187"
456,457,20080992,,"67,329"
457,458,20081263,"5,988,000","67,550"
458,459,20081364,"11,529,000","61,730"
459,460,20080017,"59,105,000","47,913"
460,461,20081519,"5,320,000","39,542"
461,462,20081363,"2,072,000","63,071"
462,463,20080105,"9,569,000","64,438"
463,464,20081213,"20,456,000","40,393"
464,465,20080661,"42,000","61,314"
465,466,20081170,0,"63,635"
466,467,20081331,"4,518,000","34,131"
467,468,20081744,"37,359,000","495,708"
468,469,20040793,"81,115,000","163,491"
469,470,20080054,"13,249,000","59,494"
470,471,20080834,"65,332,000","61,746"
471,473,20080071,,"21,161"
472,474,20080079,0,"53,930"
473,475,20072673,,"55,608"
474,476,20081386,0,"36,387"
475,477,20050086,"22,668,000","45,741"
476,478,20165201,"2,466,000",274
477,479,20150258,"2,138,000",837
478,480,20080088,0,"46,265"
479,481,20080228,"156,000","29,136"
480,482,20080516,"3,510,000","43,262"
481,483,20080871,"56,000","46,435"
482,484,20080029,"3,540,000","44,197"
483,485,20081168,0,"31,276"
484,486,20080268,"44,600,000","40,935"
485,487,20081621,"24,000,000","32,698"
486,488,20081092,"4,348,000","14,678"
487,489,20080828,"4,242,000","31,324"
488,490,20081392,"3,206,000","15,202"
489,491,20080329,"1,336,000","17,559"
490,492,20080513,"35,977,000","20,177"
491,493,20080289,,"7,245"
492,494,20081552,,"13,487"
493,495,20080656,"1,564,500","23,611"
494,496,20081620,"8,142,000","26,156"
495,497,20080848,,"7,176"
496,498,20080225,,"19,011"
497,499,20070291,"5,662,500","25,636"
498,500,20070638,0,"24,296"
499,501,20081698,"20,496,500","25,545"
500,502,20080994,"3,164,000","25,590"
501,503,20081333,,"25,115"
502,504,20080227,"1,063,500","7,610"
503,505,20080728,"9,146,000","19,157"
504,506,20070686,"12,116,000","6,419"
505,507,20080845,,"18,737"
506,508,20080080,"1,638,000","10,722"
507,509,20080026,"1,288,000","9,088"
508,510,20080030,,"14,025"
509,511,20080877,,"15,440"
510,512,20070203,,"16,883"
511,513,20081453,"10,892,000","10,151"
512,514,20081627,,"11,386"
513,515,20080223,"8,893,000","11,162"
514,516,20080875,"11,058,500","7,782"
515,517,20080256,"770,000","4,463"
516,518,20090412,"4,384,000","333,694"
517,519,20147909,"540,000","6,362"
518,520,20126306,"17,310,000","188,995"
519,521,20081129,"3,142,000","6,411"
520,522,20081452,"4,689,000","7,224"
521,523,20080143,,"5,641"
522,524,20080253,,"12,613"
523,525,20072687,"8,428,000","6,578"
524,526,20080395,,"7,261"
525,527,20081567,"28,000","10,943"
526,528,20080517,"2,046,500","4,318"
527,529,20080052,,"5,131"
528,530,20080995,,"3,610"
529,531,20081518,,"9,078"
530,532,20080677,"1,436,000","4,621"
531,533,20090074,"98,728,000","2,572,453"
532,534,20090307,"107,482,000","1,318,609"
533,535,20090527,"68,000","106,079"
534,536,20125527,"26,557,000","5,600"
535,537,20122222,"16,574,500","11,248"
536,538,20127526,"2,773,000","2,197"
537,539,20111031,"7,139,500","5,700"
538,540,20090834,"600,712,500","2,252,417"
539,541,20148168,"6,331,000","11,770"
540,542,20100796,"1,257,691,000","130,478"
541,543,20090238,"14,689,000","2,047,187"
542,544,20081737,"280,886,000","896,631"
543,545,20090297,"10,911,000","766,175"
544,546,20090248,"48,870,000","1,549,296"
545,547,20149269,"1,269,086","2,929"
546,548,20150831,"4,405,000","1,986"
547,549,20140093,"19,532,000","7,219"
548,550,20130821,"12,672,000","60,236"
549,551,20090379,,"1,914,035"
550,552,20081727,"3,134,000","10,887"
551,553,20090015,"80,087,000","1,452,751"
552,554,20090427,"456,862,500","1,251,669"
553,555,20090605,"42,848,000","1,044,748"
554,556,20090077,"373,584,000","2,074,333"
555,557,20153801,"8,086,000","10,940"
556,558,20081003,"19,776,000","1,408,871"
557,559,20090282,"133,764,000","1,061,484"
558,560,20090234,"18,803,000","970,170"
559,561,20090266,,489
560,562,20090484,"42,678,000","470,413"
561,563,20090156,"62,092,000","711,967"
562,564,20071013,"24,226,000","1,064,556"
563,565,20090051,"110,178,500","851,763"
564,566,20090024,"159,000","620,684"
565,567,20090308,"70,396,000","585,446"
566,568,20090014,"21,602,000","962,900"
567,569,20150566,"14,273,000","80,252"
568,570,20163201,"2,483,000","37,171"
569,571,20090023,"64,252,000","578,331"
570,572,20161976,,197
571,573,20090678,"840,000","712,341"
572,574,20090590,"31,689,000","649,416"
573,575,20090222,"215,729,000","937,844"
574,576,20090336,"79,478,000","402,467"
575,577,20081791,"1,552,000","538,856"
576,578,20090225,"26,557,000","628,567"
577,579,20112621,"20,856,000","827,344"
578,580,20090856,"228,000","949,343"
579,581,20090161,"7,269,000","340,909"
580,582,20090235,"43,292,000","556,274"
581,583,20090206,"169,872,500","568,463"
582,584,20162299,"2,658,000","20,107"
583,585,20090311,"52,034,500","509,194"
584,586,20149270,"10,050,000","9,974"
585,587,20152402,"4,867,000","2,369"
586,588,20090305,"39,230,000","481,713"
587,589,20081809,"46,296,000","525,326"
588,590,20090012,"20,898,000","485,814"
589,591,20090408,0,"497,148"
590,592,20153316,,481
591,593,20156188,"182,000",268
592,594,20157781,"3,414,600","9,166"
593,595,20090579,"128,000","440,677"
594,596,20080870,"25,167,000","561,509"
595,597,20090826,"5,017,000","500,483"
596,598,20090554,"1,888,000","500,791"
597,599,20090664,"22,637,000","333,355"
598,600,20090237,"33,297,500","397,894"
599,601,20090157,"28,294,000","396,235"
600,602,20090085,"8,768,000","372,271"
601,603,20090176,"123,000","299,788"
602,604,20090195,"4,100,000","242,542"
603,605,20090327,"12,043,000","344,814"
604,606,20090562,"18,951,500","211,903"
605,607,20144242,"2,603,900","2,682"
606,608,20144241,"2,549,000","3,345"
607,609,20155761,"13,026,300","117,762"
608,610,20090528,"29,546,000","287,567"
609,611,20090042,"14,896,000","377,071"
610,612,20090815,"122,892,000","356,861"
611,613,20090043,"5,061,000","382,622"
612,614,20090019,"2,430,000","384,829"
613,615,20090510,"232,862,000","345,344"
614,616,20090018,,"208,178"
615,617,20090862,"13,825,000","356,337"
616,618,20135941,,515
617,619,20090210,"3,012,000","277,156"
618,620,20090455,"16,021,000","185,431"
619,621,20112049,"1,656,000","3,162"
620,622,20090426,,"341,755"
621,623,20090065,"80,900,000","223,726"
622,624,20119971,"5,577,000","35,710"
623,625,20090319,"10,262,000","327,579"
624,626,20090044,0,"186,826"
625,627,20090389,"160,630,500","354,261"
626,628,20090082,"9,255,000","310,046"
627,629,20090089,"7,832,000","369,093"
628,630,20090025,"6,496,000","251,422"
629,631,20090681,"7,704,000","172,374"
630,632,20090287,"13,525,000","220,094"
631,633,20090578,,"182,228"
632,634,20090517,"865,000","27,502"
633,635,20100128,,"79,800"
634,636,20090449,"69,171,000","198,429"
635,637,20090092,"958,000","36,670"
636,638,20090513,"31,326,000","202,151"
637,639,20090459,"63,695,500","211,494"
638,640,20090090,"63,623,000","192,071"
639,641,20090555,"17,028,000","252,430"
640,642,20090345,"2,112,000","235,340"
641,643,20090557,"109,458,500","190,922"
642,644,20090572,,"196,010"
643,645,20090288,"5,054,000","168,251"
644,646,20090304,"126,536,500","221,044"
645,647,20090434,"12,516,000","204,418"
646,648,20090087,"900,000","185,947"
647,649,20090063,0,"184,685"
648,650,20090026,,"195,233"
649,651,20081790,"3,681,000","123,100"
650,652,20090403,"1,638,000","88,956"
651,653,20090284,,"108,226"
652,654,20090193,"17,212,000","155,672"
653,655,20090083,,"152,260"
654,656,20090226,"6,120,000","167,742"
655,657,20090580,"2,160,000","165,916"
656,658,20090027,"8,513,000","137,567"
657,659,20040600,"35,569,000","47,430"
658,660,20090091,"2,100,000","168,293"
659,661,20090462,"2,645,000","153,952"
660,662,20111926,"1,008,000","4,966"
661,663,20090017,"3,171,000","159,039"
662,664,20090174,"9,033,000","155,144"
663,665,20090860,"9,909,000","180,944"
664,666,20090613,"3,512,000","107,857"
665,667,20156564,"4,881,901,100","561,172"
666,668,20141224,"21,919,500","320,108"
667,669,20155388,"7,133,200","2,472"
668,670,20162581,"1,440,000",269
669,671,20155390,"9,694,900","4,480"
670,672,20155485,"1,260,000",555
671,673,20090214,"47,485,500","117,186"
672,674,20090570,0,"33,025"
673,675,20155224,"8,066,500","7,979"
674,676,20090167,"7,656,000","125,403"
675,677,20111927,"323,000","1,741"
676,678,20090146,"5,168,000","122,268"
677,679,20090022,"41,000","117,713"
678,680,20119599,,"2,199"
679,681,20090064,"45,441,500","81,324"
680,682,20090445,"16,448,000","85,772"
681,683,20090343,"5,420,000","69,351"
682,684,20090667,"19,845,000","90,716"
683,685,20090061,"85,084,000","104,511"
684,686,20090604,0,"78,535"
685,687,20071015,"22,061,000","108,315"
686,688,20090035,"3,180,000","40,083"
687,689,20090682,,"95,715"
688,690,20090227,"1,022,000","98,584"
689,691,20090454,"39,724,000","100,411"
690,692,20090469,"40,937,500","84,564"
691,693,20090556,"8,730,000","80,605"
692,694,20090078,"8,020,000","98,656"
693,695,20090511,0,"81,439"
694,696,20161781,"2,875,700","31,695"
695,697,20139863,,"2,188"
696,698,20100311,"1,848,000","49,349"
697,699,20090207,"15,784,000","74,296"
698,700,20090088,"11,019,000","83,708"
699,701,20140723,"1,467,500",392
700,702,20090875,"39,654,000","90,060"
701,703,20090029,"4,840,000","91,606"
702,704,20090062,"1,913,500","58,945"
703,705,20090501,"2,592,000","65,349"
704,706,20090188,,"1,908"
705,707,20136742,"1,712,000","6,249"
706,708,20100158,0,"8,959"
707,709,20119990,0,"10,942"
708,710,20090801,"115,287,500","80,514"
709,711,20090529,,"81,191"
710,712,20121864,"506,000",496
711,713,20090192,0,"75,759"
712,714,20090485,0,"70,947"
713,715,20090599,"3,910,000","57,585"
714,716,20090460,"54,565,000","67,338"
715,717,20090190,"4,949,000","70,018"
716,718,20090411,"6,876,000","64,435"
717,719,20090428,"12,075,000","57,276"
718,720,20090333,"2,793,000","65,287"
719,721,20090453,"6,456,000","66,598"
720,722,20130710,"340,000","1,610"
721,723,20090330,"5,173,000","60,883"
722,724,20090203,"1,158,000","46,553"
723,725,20090811,"24,720,000","37,550"
724,726,20090068,"6,106,000","50,780"
725,727,20090028,"1,911,000","41,629"
726,728,20090086,,"43,274"
727,729,20090724,,"50,509"
728,730,20150458,"5,759,000","7,810"
729,731,20081729,0,"48,306"
730,732,20090205,,"41,247"
731,733,20090191,"1,848,000","43,006"
732,734,20140456,"12,760,000","17,772"
733,735,20132601,"10,192,000","28,807"
734,736,20147132,,"1,076"
735,737,20090219,"20,889,000","38,637"
736,738,20090103,,"26,753"
737,739,20081792,"1,196,000","24,124"
738,740,20090332,"1,638,000","37,878"
739,741,20090189,"27,000","36,089"
740,742,20090079,"1,589,000","39,124"
741,743,20090171,,"31,667"
742,744,20110278,"4,377,000","17,104"
743,745,20100332,,"16,213"
744,746,20090194,,"20,700"
745,747,20090261,"866,000","16,996"
746,748,20090006,"5,000,000","27,238"
747,749,20090461,,"31,175"
748,750,20090444,"865,000","29,067"
749,751,20090314,,"21,314"
750,752,20090800,"29,379,500","29,341"
751,753,20081810,"2,478,000","21,649"
752,754,20090259,"1,668,000","28,248"
753,755,20090265,"4,213,000","26,634"
754,756,20081462,"4,564,000","4,452"
755,757,20081454,"6,670,000","15,671"
756,758,20090592,"1,184,000","20,247"
757,759,20040683,0,"5,617"
758,760,20138162,"660,000",946
759,761,20040818,"1,703,500","19,369"
760,762,20090854,,"19,969"
761,763,20090480,"1,464,000","22,446"
762,764,20070473,"5,090,500","25,696"
763,765,20081209,"551,500","7,034"
764,766,20090663,,"22,292"
765,767,20090840,"16,000","5,325"
766,768,20090395,,"6,007"
767,769,20090402,"2,785,500","10,185"
768,770,20090295,"8,933,000","13,416"
769,771,20090069,0,"17,721"
770,772,20090322,"5,460,000","20,085"
771,773,20080266,"566,500","7,794"
772,774,20090236,"11,370,000","18,447"
773,775,20090318,"648,000","6,693"
774,776,20090233,,"16,932"
775,777,20060424,"10,948,600","15,546"
776,778,20090400,0,"5,634"
777,779,20090488,"748,500","5,923"
778,780,20060265,,429
779,781,20156969,"4,203,000","4,634"
780,782,20156166,"56,022,000","32,803"
781,783,20090670,"3,410,000","14,820"
782,784,20090328,"1,792,000","9,081"
783,785,20060106,"437,000",519
784,786,20080536,"1,264,000","13,905"
785,787,20143565,"3,504,000","26,874"
786,788,20090008,0,"13,573"
787,789,20090893,"121,616,000","93,056"
788,790,20090588,"2,555,000","5,058"
789,791,20090787,"1,184,000","12,046"
790,792,20163841,"7,322,000","39,960"
791,793,20090810,"3,233,000","10,104"
792,794,20149591,"48,751,800","54,204"
793,795,20090430,"106,000","13,183"
794,796,20090838,"1,109,000","12,705"
795,797,20090344,0,"4,012"
796,798,20141821,"856,000",964
797,799,20090053,"2,072,000","6,495"
798,800,20090196,"5,420,000","10,846"
799,801,20081460,"2,269,000","7,021"
800,802,20090489,"2,784,000","6,678"
801,803,20142501,,275
802,804,20140096,"100,000","1,755"
803,805,20060270,"238,000",449
804,806,20090296,,"3,067"
805,807,20090148,,"8,194"
806,808,20090574,,"7,734"
807,809,20090582,0,"6,754"
808,810,20040775,"173,498,500","282,479"
809,811,20100214,"35,157,000","1,293,341"
810,812,20149878,"9,655,000","25,364"
811,813,20100312,"482,000","1,562,298"
812,814,20090904,"112,274,000","1,239,631"
813,815,20100209,"25,759,000","1,405,253"
814,816,20100296,"1,008,911,000","1,320,771"
815,817,20147728,,700
816,818,20090914,"31,337,500","868,416"
817,819,20090927,"37,966,500","1,072,532"
818,820,20100370,"312,003,500","1,606,565"
819,821,20100213,"4,253,000","966,948"
820,822,20100834,"551,682,000","719,426"
821,823,20124717,"4,848,000","654,797"
822,824,20100018,"437,000","1,297,424"
823,825,20131248,"48,836,000","1,208,255"
824,826,20100190,"683,701,000","1,003,843"
825,827,20101224,0,"1,277,010"
826,828,20100188,"38,219,000","1,134,072"
827,829,20152264,"3,991,500","9,746"
828,830,20149184,,127
829,831,20100310,"172,685,500","837,470"
830,832,20100333,,"905,646"
831,833,20090930,"5,564,000","750,426"
832,834,20101010,"52,250,000","1,113,008"
833,835,20152746,"9,585,000","18,243"
834,836,20138641,"1,136,000",490
835,837,20101221,"71,749,000","736,224"
836,838,20100193,"4,536,000","1,106,430"
837,839,20090923,"106,000","932,219"
838,840,20134381,,"1,368"
839,841,20100301,"14,196,000","863,055"
840,842,20090951,"208,000","708,738"
841,843,20100833,"143,004,000","758,680"
842,844,20101222,"35,889,000","1,240,035"
843,845,20100377,"11,206,000","713,570"
844,846,20090931,"58,231,000","622,601"
845,847,20100767,"3,414,000","902,837"
846,848,20101223,"132,173,000","1,051,187"
847,849,20090939,"172,211,000","397,666"
848,850,20100302,"186,799,500","458,219"
849,851,20100811,"205,231,000","660,526"
850,852,20101213,"872,893,500","675,922"
851,853,20090888,"52,774,000","486,749"
852,854,20100131,"12,726,000","310,846"
853,855,20070217,,"1,067"
854,856,20101200,"40,485,000","494,956"
855,857,20100810,,"509,411"
856,858,20122089,"1,092,631,000","393,707"
857,859,20100814,"282,938,500","375,820"
858,860,20100353,"106,942,000","572,109"
859,861,20100103,"130,000","481,350"
860,862,20100835,"177,131,000","293,651"
861,863,20090160,"8,227,000","411,242"
862,864,20101212,0,"589,518"
863,865,20143601,,234
864,866,20101133,"9,192,000","619,601"
865,867,20100326,"13,572,000","621,784"
866,868,20100295,"11,058,000","336,093"
867,869,20090895,"123,424,500","485,369"
868,870,20100380,"58,075,000","339,533"
869,871,20100256,"53,041,000","357,330"
870,872,20100382,"20,812,000","356,472"
871,873,20133701,"232,000","291,666"
872,874,20090718,"12,264,000","297,404"
873,875,20126406,"50,649,000","665,397"
874,876,20101348,"230,535,000","258,066"
875,877,20090953,"15,419,000","361,064"
876,878,20048103,"272,826,500","489,048"
877,879,20100378,"7,604,000","273,489"
878,880,20101113,"40,363,000","348,200"
879,881,20090948,"2,752,000","371,841"
880,882,20100129,"56,294,000","283,797"
881,883,20100975,"31,224,000","202,594"
882,884,20050237,"178,945,500","272,493"
883,885,20100813,"396,326,500","344,687"
884,886,20100381,"4,304,000","404,447"
885,887,20101209,"196,000","1,485,150"
886,888,20101013,"140,859,000","318,744"
887,889,20121616,,16
888,890,20127407,"6,716,000","72,960"
889,891,20100816,"23,082,000","339,954"
890,892,20100991,0,"295,719"
891,893,20101009,"118,878,500","294,611"
892,894,20156907,,330
893,895,20100168,"49,319,000","202,857"
894,896,20100977,"31,560,000","269,540"
895,897,20101070,"45,680,500","246,762"
896,898,20100198,"204,696,000","256,553"
897,899,20162621,"44,646,600","53,343"
898,900,20090857,"5,504,000","237,582"
899,901,20129079,"8,216,000","51,088"
900,902,20113421,"1,760,000","1,577"
901,903,20101015,"2,552,000","221,191"
902,904,20112693,"165,000","90,161"
903,905,20101014,"42,998,000","350,961"
904,906,20090821,"206,195,000","226,058"
905,907,20149818,"17,066,000","138,284"
906,908,20128143,"14,531,000","353,507"
907,909,20100768,"6,256,000","307,999"
908,910,20100017,"2,169,000","297,090"
909,911,20100101,"2,688,000","278,891"
910,912,20100165,,"115,331"
911,913,20100210,"69,148,000","183,371"
912,914,20100979,"72,571,500","210,573"
913,915,20101006,,"183,323"
914,916,20100292,"13,040,000","190,011"
915,918,20100794,"2,016,000","222,741"
916,919,20090929,"48,000","222,047"
917,920,20100962,,"23,030"
918,921,20100379,"15,308,000","167,936"
919,922,20090950,"4,308,000","183,885"
920,923,20101226,"93,229,000","203,532"
921,924,20090894,"17,711,000","129,613"
922,925,20100769,"10,714,000","169,726"
923,926,20100077,,"155,026"
924,927,20040677,"2,837,500","10,965"
925,928,20100143,"23,604,000","149,388"
926,929,20147612,"33,625,000","184,604"
927,930,20101378,"15,400,000","195,273"
928,931,20090865,,"176,095"
929,932,20090952,,"145,955"
930,933,20147284,"26,370,100","27,970"
931,934,20090897,"11,580,000","136,696"
932,935,20090921,"6,523,000","157,918"
933,936,20100098,"5,306,000","140,358"
934,937,20100278,"44,235,000","140,860"
935,938,20090890,"25,921,000","145,052"
936,939,20100176,"3,646,000","134,831"
937,940,20147969,,"1,349"
938,941,20050357,0,404
939,942,20090864,"9,056,000","138,927"
940,943,20090944,"1,440,000","16,097"
941,944,20090945,0,"135,812"
942,945,20100329,"38,811,000","106,385"
943,946,20100107,"17,919,000","126,783"
944,947,20158942,,494
945,948,20090943,,"120,944"
946,949,20100281,,"64,211"
947,950,20161591,,197
948,951,20100075,"3,781,000","122,321"
949,952,20080970,,570
950,953,20080972,,959
951,954,20100988,"119,000",152
952,955,20100027,,"3,001"
953,956,20100169,"1,705,000","130,180"
954,957,20125046,"5,317,000",805
955,958,20100012,"3,432,000","70,967"
956,959,20100068,,14
957,960,19730154,,"1,484"
958,961,20090892,"15,567,000","103,878"
959,962,20090683,"16,471,000","114,226"
960,963,20090932,"7,818,000","111,213"
961,964,20101225,"8,433,000","336,793"
962,965,20100300,"9,993,000","104,251"
963,966,20100758,"20,938,000","95,615"
964,967,20137788,,191
965,968,20123365,"140,000",25
966,969,20101109,"1,146,000","101,218"
967,970,20100980,"48,788,000","104,545"
968,971,20127211,"5,696,000","37,822"
969,972,20100291,"27,111,000","102,534"
970,973,20100090,"15,296,000","106,157"
971,974,20100807,"10,059,000","109,279"
972,975,20100116,0,"110,558"
973,976,20100788,"2,576,000","81,939"
974,977,20100808,"1,792,000","105,858"
975,978,20080243,,89
976,979,20157432,"14,400,000","1,344,283"
977,980,20100166,"1,184,000","83,179"
978,981,20090916,"6,536,000","101,166"
979,982,20101011,"81,473,000","97,738"
980,983,20090913,,"91,419"
981,984,20101206,"36,078,000","72,314"
982,985,20100812,,"50,578"
983,986,20100105,,"73,127"
984,987,20100141,"692,000","41,779"
985,988,20090850,"4,629,000","73,560"
986,989,20139222,"2,608,000","8,994"
987,990,20101140,,"88,371"
988,991,20100206,"36,480,000","89,016"
989,992,20100115,"2,592,000","83,121"
990,993,20101007,"17,034,000","76,014"
991,994,20100339,"3,528,000","70,936"
992,995,20136738,"2,380,000","3,480"
993,996,20101118,"15,760,000","73,728"
994,997,20155927,"3,832,000","2,945"
995,998,20100057,"17,420,000","67,271"
996,999,20149768,"280,000","1,485"
997,1000,20100815,"3,159,000","65,595"
998,1001,20010037,,216
999,1002,20090917,"33,692,800","29,696"
1000,1003,20100789,"32,552,000","59,050"
1001,1004,20101039,"16,269,500","54,986"
1002,1005,20100335,"36,639,000","53,156"
1003,1007,20101138,"32,403,000","54,129"
1004,1008,20100063,"1,712,000","44,808"
1005,1009,20100809,"1,792,000","51,009"
1006,1010,20100170,,"43,142"
1007,1012,20101132,0,"51,586"
1008,1013,20100202,"113,000","14,729"
1009,1014,20101038,"5,902,500","37,799"
1010,1015,20101227,"2,986,000","45,439"
1011,1016,20100104,"1,965,000","34,841"
1012,1017,20090331,"3,808,000","45,134"
1013,1018,20100029,"2,656,000","45,825"
1014,1019,20100362,"3,820,000","46,431"
1015,1020,20061214,"84,571,000","32,684"
1016,1021,20090946,"4,928,000","27,220"
1017,1022,20101004,"1,888,000","42,004"
1018,1023,20161788,"7,436,500","9,198"
1019,1024,19920296,,"1,106"
1020,1025,20100376,"17,190,500","35,885"
1021,1026,20090866,"4,186,000","24,023"
1022,1027,20100787,,"10,661"
1023,1028,20090902,"5,653,000","25,023"
1024,1029,20100266,,"11,973"
1025,1030,20101047,,"16,094"
1026,1031,20090874,0,"20,160"
1027,1032,20100740,"2,237,500","6,206"
1028,1033,20090947,0,"22,770"
1029,1034,20156736,"1,440,000","1,130"
1030,1035,20139401,"37,570,000","753,397"
1031,1036,20153981,"13,258,000","4,867"
1032,1037,20100073,"2,311,500","14,982"
1033,1038,20101165,"88,000","15,398"
1034,1039,20100167,"8,368,000","15,141"
1035,1040,20136887,"28,052,500","118,763"
1036,1041,20152866,"19,784,000","157,193"
1037,1042,20100765,"13,376,000","19,582"
1038,1043,20100964,"1,712,000","18,840"
1039,1044,20100111,"3,352,000","18,678"
1040,1045,20090833,"5,224,000","18,033"
1041,1046,19770092,,"28,500"
1042,1047,19780073,,"18,625"
1043,1048,20139301,,696
1044,1049,20100028,"24,000","17,713"
1045,1050,20101399,"170,675,000","567,968"
1046,1051,20090906,"6,019,000","9,094"
1047,1052,20100261,,"7,743"
1048,1053,20100030,,"6,349"
1049,1054,20101073,"1,298,000","5,703"
1050,1055,20101040,"19,795,000","14,215"
1051,1056,20100316,"832,500","4,851"
1052,1057,20100330,"6,033,000","13,914"
1053,1058,20163981,"8,132,000","25,641"
1054,1059,20119600,"74,743,000","56,556"
1055,1060,20050039,"624,790,000","139,255"
1056,1061,20100728,"6,456,000","5,116"
1057,1062,20131721,,335
1058,1063,20100076,,"7,590"
1059,1064,20148925,"1,134,000",290
1060,1065,20100795,"1,008,000","11,597"
1061,1066,20100130,0,"6,723"
1062,1067,20100271,"8,856,000","9,203"
1063,1068,20100196,"1,764,000","2,201"
1064,1069,20090937,"1,184,000","10,445"
1065,1070,20100365,,"3,059"
1066,1071,20100102,"3,600,000","11,402"
1067,1072,20101028,"11,101,000","5,079"
1068,1073,20090601,"2,875,000","5,127"
1069,1074,20101283,"2,105,000","7,943"
1070,1075,20100775,,"5,024"
1071,1076,20100011,"2,896,000","9,715"
1072,1077,20100277,"2,592,000","9,949"
1073,1078,20100201,,"7,754"
1074,1079,20090639,"775,700","4,103"
1075,1080,20110302,"757,947,500","2,013,520"
1076,1081,20112911,,"9,047"
1077,1082,20110193,"469,103,500","1,009,339"
1078,1083,20111250,,"53,348"
1079,1084,20112695,"519,398,500","858,297"
1080,1085,20112207,"236,485,000","2,292,949"
1081,1086,20102414,"86,510,000","1,285,564"
1082,1087,20112534,"831,153,000","1,462,598"
1083,1088,20111009,"15,632,000","2,065,241"
1084,1089,20112173,"682,543,500","935,142"
1085,1090,20110294,"40,676,000","1,730,378"
1086,1091,20110290,"479,273,500","803,868"
1087,1092,20119515,"591,470,000","997,638"
1088,1093,20113381,"45,664,000","720,579"
1089,1094,20110896,"936,229,500","1,174,091"
1090,1095,20119618,"1,018,374,000","863,717"
1091,1096,20143512,"41,362,000","316,144"
1092,1097,20110561,"209,201,500","1,133,057"
1093,1098,20110613,"599,474,500","1,036,976"
1094,1100,20112272,"669,774,500","1,652,997"
1095,1101,20110297,"260,050,000","890,253"
1096,1102,20126413,"1,400,000","80,840"
1097,1103,20119513,"120,563,500","1,730,941"
1098,1104,20110279,"362,042,000","571,175"
1099,1105,20102416,"41,506,000","734,228"
1100,1106,20119341,"967,565,000","994,056"
1101,1107,20102415,"29,240,000","648,815"
1102,1108,20110211,"16,000","786,770"
1103,1109,20119337,"237,749,500","279,018"
1104,1110,20119577,,"571,320"
1105,1111,20110185,,"583,236"
1106,1112,20110295,"60,793,000","1,177,762"
1107,1113,20110905,"741,255,500","898,994"
1108,1114,20131681,"5,503,000","38,190"
1109,1115,20111987,"303,874,000","752,173"
1110,1116,20110221,"79,619,000","793,558"
1111,1117,20110906,"99,885,500","605,560"
1112,1118,20119974,"55,570,000","439,155"
1113,1119,20112589,"413,289,000","536,763"
1114,1120,20136761,"338,564,000","570,688"
1115,1121,20111540,"18,768,000","549,626"
1116,1122,20101395,"237,139,000","402,277"
1117,1123,20111571,"5,184,000","445,996"
1118,1124,20102421,"112,139,000","461,261"
1119,1125,20119619,"458,879,500","546,056"
1120,1126,19820019,"35,649,500","589,910"
1121,1127,20113260,"453,717,000","566,578"
1122,1128,20119637,"216,326,500","322,468"
1123,1129,20112542,"45,477,000","530,955"
1124,1130,20110233,"4,900,000","279,893"
1125,1131,20110301,"46,721,000","463,436"
1126,1132,20110251,"15,568,000","377,671"
1127,1133,20110303,"299,046,500","425,768"
1128,1134,20132461,,814
1129,1135,20110296,"24,374,000","446,116"
1130,1136,20112651,"576,119,500","434,116"
1131,1137,20119420,"4,858,000","473,112"
1132,1138,20155423,"7,449,000","76,497"
1133,1139,20143901,,907
1134,1140,20110911,"3,330,000","383,041"
1135,1141,20112311,"48,230,000","365,635"
1136,1142,20112972,"68,631,000","223,086"
1137,1143,20112704,"1,858,000","319,727"
1138,1144,20111671,"315,070,000","345,863"
1139,1145,20111928,"32,640,000","322,479"
1140,1146,20112082,"222,189,000","345,206"
1141,1147,20110031,"1,869,000","293,741"
1142,1148,20119429,,"288,075"
1143,1149,20111113,"2,493,500","453,569"
1144,1150,20110656,,"339,314"
1145,1151,20111914,"350,140,500","340,983"
1146,1152,20147790,"13,282,000","1,683,073"
1147,1153,20111249,"70,787,000","269,614"
1148,1154,20119418,"20,135,000","373,720"
1149,1155,20112151,,"4,287"
1150,1156,20110899,"103,315,000","163,294"
1151,1157,20110029,"3,170,000","278,032"
1152,1158,20110313,"76,037,000","323,819"
1153,1159,20131244,"3,400,000","3,220"
1154,1160,20119630,"7,332,000","213,462"
1155,1161,20112762,"89,780,000","256,463"
1156,1162,20119511,"95,710,500","231,596"
1157,1163,20119771,"18,051,000","54,575"
1158,1164,20119430,"267,494,000","305,617"
1159,1165,20119768,,"233,844"
1160,1166,20110612,"63,777,000","264,257"
1161,1167,20110250,"128,565,500","307,275"
1162,1168,20110581,"38,998,000","158,410"
1163,1169,20119627,"112,368,000","175,599"
1164,1170,20119720,"27,777,500","215,919"
1165,1171,20119508,,"208,325"
1166,1172,20112709,"13,388,000","192,626"
1167,1173,20112050,"93,908,000","170,215"
1168,1174,20111757,"3,312,000","242,587"
1169,1175,20111898,"2,642,000",776
1170,1176,20020097,,164
1171,1177,20119529,"82,062,000","191,960"
1172,1178,20119772,"88,585,500","148,811"
1173,1179,20112175,0,"186,564"
1174,1180,20119556,"9,592,000","194,145"
1175,1181,20119972,"1,260,000","86,687"
1176,1182,20112708,"972,000","165,898"
1177,1183,20119427,"6,092,000","187,045"
1178,1184,20110655,,"176,578"
1179,1185,20112552,"97,619,000","160,348"
1180,1186,20156281,"8,763,000","24,829"
1181,1187,20119667,"15,656,000","118,855"
1182,1188,20112303,0,"139,485"
1183,1189,20102418,"36,737,000","114,003"
1184,1190,20111536,"151,000","124,482"
1185,1191,20111034,,"129,871"
1186,1192,20119358,"151,527,000","160,379"
1187,1193,20119989,"16,147,000","112,241"
1188,1194,20111893,"38,085,500","135,910"
1189,1195,20111892,"11,190,000","128,624"
1190,1196,20119854,"11,772,000","135,830"
1191,1197,20145142,"6,631,000","3,717"
1192,1198,20112763,"86,355,000","75,438"
1193,1199,20113271,"35,598,000","270,171"
1194,1200,20111702,"40,831,500","117,936"
1195,1201,20149681,,2
1196,1202,20113306,"5,043,000","80,708"
1197,1203,20110071,"3,140,000","87,690"
1198,1205,20119802,"18,922,000","105,236"
1199,1206,20142407,"66,570,000","1,152,830"
1200,1207,20143717,"4,885,200","1,998"
1201,1208,19940256,,"296,250"
1202,1209,20110261,"5,318,500","109,421"
1203,1210,20119855,,"97,991"
1204,1212,20110660,"6,092,000","106,832"
1205,1213,20112117,"7,260,000","95,125"
1206,1214,20110798,"44,016,000","80,586"
1207,1215,20112221,"36,588,000","65,485"
1208,1216,19820100,,838
1209,1217,20119419,"2,956,000","79,082"
1210,1218,20149266,"55,542,500","859,723"
1211,1219,20152870,,"23,706"
1212,1220,20159422,,225
1213,1221,20101195,"1,101,000",289
1214,1222,20120561,,"1,544"
1215,1223,20110609,"10,467,000","89,285"
1216,1224,20110571,"4,400,000","85,348"
1217,1226,20112132,"32,764,000","85,368"
1218,1227,20112707,"344,000","77,089"
1219,1228,20113805,,497
1220,1229,20110292,"21,066,000","77,030"
1221,1230,20119585,"2,142,000","51,301"
1222,1231,20112821,"54,640,000","74,620"
1223,1232,20110030,"3,861,000","49,811"
1224,1233,20112822,"46,858,000","49,792"
1225,1234,20110289,"97,758,000","61,835"
1226,1235,20113001,"64,377,500","66,108"
1227,1236,20119717,"11,326,000","67,629"
1228,1237,20119856,"15,416,000","61,524"
1229,1238,20112141,"34,809,000","64,005"
1230,1239,20102413,,"52,388"
1231,1240,20119806,"8,557,000","62,105"
1232,1241,20101278,"6,231,000","13,645"
1233,1242,20119507,"7,867,000","50,901"
1234,1243,20127401,"6,252,000","383,555"
1235,1244,20080605,,"1,406"
1236,1245,20080607,,18
1237,1246,20080606,,29
1238,1247,20113307,"16,888,000","56,435"
1239,1248,20112209,,"56,916"
1240,1249,20119721,0,"56,812"
1241,1250,20119527,"1,421,000","57,711"
1242,1251,20113312,"2,592,000","49,992"
1243,1252,20112121,0,"51,362"
1244,1253,20112163,"1,712,000","49,220"
1245,1254,20111692,"3,964,000","50,539"
1246,1255,20140241,"8,813,000","41,225"
1247,1256,20111101,"19,216,000","47,757"
1248,1257,20116037,,"38,173"
1249,1258,20110172,,"47,048"
1250,1259,20110235,"10,085,000","47,564"
1251,1260,20111116,"17,684,000","42,791"
1252,1261,20111351,"18,260,000","49,405"
1253,1262,20139164,"59,479,000","1,354,542"
1254,1263,20112971,,"43,480"
1255,1264,20112208,"28,856,000","41,027"
1256,1265,20112622,"17,656,000","38,175"
1257,1266,20101392,"11,655,000","28,989"
1258,1267,20110490,"3,349,500","11,710"
1259,1268,20110182,"16,024,000","41,465"
1260,1269,20119155,"7,580,000","45,237"
1261,1270,20112973,"26,245,000","39,243"
1262,1271,20158351,"3,040,500","1,739"
1263,1272,20119688,,"40,671"
1264,1273,20111418,"25,738,000","41,308"
1265,1274,20110254,"11,391,000","18,963"
1266,1275,20101003,"11,568,000","41,638"
1267,1276,20111027,"1,612,000",727
1268,1277,20110023,"359,000","36,296"
1269,1278,20110171,"33,237,000","36,622"
1270,1279,20112940,"1,008,000","12,683"
1271,1280,20101379,"3,167,000","22,645"
1272,1281,20112553,,"29,490"
1273,1282,20119137,,"20,949"
1274,1283,20119718,"10,996,000","26,660"
1275,1284,20149292,,"1,113"
1276,1285,20110988,"1,865,500","17,612"
1277,1286,20110027,"480,500","7,710"
1278,1287,20119589,"3,348,000","26,036"
1279,1288,20111891,"1,730,000","28,117"
1280,1289,20112701,"5,508,000","26,556"
1281,1290,20100826,"19,944,000","26,429"
1282,1291,20147233,"90,000","4,940"
1283,1292,20119244,"11,974,000","9,489"
1284,1293,20111532,"3,908,000","21,109"
1285,1294,20101344,"3,839,500","5,405"
1286,1295,20110003,"6,386,000","12,606"
1287,1296,20119878,"32,047,000","10,820"
1288,1297,20112692,"6,172,000","14,567"
1289,1298,20110897,"1,309,000","16,918"
1290,1299,20112933,,"6,056"
1291,1300,20119927,"2,674,500","6,824"
1292,1301,20119770,"358,000","4,158"
1293,1302,20110986,,"5,195"
1294,1303,20110089,0,"11,239"
1295,1304,20165521,"13,480,600","8,154"
1296,1305,20130929,"18,282,000","11,880"
1297,1306,20140524,"6,312,000","173,031"
1298,1308,20112314,"1,356,000","6,588"
1299,1309,20113473,"14,251,000","10,445"
1300,1310,20119555,"6,220,000","13,692"
1301,1311,20110903,"1,388,000","4,150"
1302,1312,20119486,,"10,217"
1303,1313,20110601,"12,520,000","5,377"
1304,1314,20152368,"2,980,400","1,201"
1305,1315,20136567,"2,300,000","1,103"
1306,1316,20101279,"2,065,500","3,844"
1307,1317,20110607,,"2,642"
1308,1318,20110900,"3,271,500","4,694"
1309,1319,20111533,"7,038,000","10,390"
1310,1320,20119397,"6,409,000","9,325"
1311,1321,20119129,"279,500","4,669"
1312,1322,20119836,"4,459,000","5,695"
1313,1323,20101232,"3,654,500","3,079"
1314,1324,20101242,"3,067,500","2,072"
1315,1325,20112541,"2,820,500","4,114"
1316,1326,20119501,"13,527,000","5,224"
1317,1327,20113151,"12,597,000","3,748"
1318,1328,20110913,,"3,194"
1319,1329,20110183,"5,619,000","5,074"
1320,1330,20124034,"126,235,000","3,858,088"
1321,1331,20136800,"32,487,000","324,482"
1322,1332,20124079,"74,719,500","1,854,694"
1323,1333,20148493,"38,415,000","4,319,489"
1324,1334,20124721,"755,131,000","2,414,681"
1325,1335,20124054,"31,619,000","1,636,321"
1326,1336,20123161,,"252,641"
1327,1337,20124067,"149,533,000","1,811,997"
1328,1338,20135661,"36,876,000","1,889,400"
1329,1339,20126077,"47,662,000","2,158,278"
1330,1340,20113557,"71,555,000","1,540,852"
1331,1341,20113554,"764,197,000","1,112,656"
1332,1342,20124062,"30,637,000","1,916,304"
1333,1343,20124074,"640,981,000","962,842"
1334,1344,20113743,"113,856,000","1,239,057"
1335,1345,20113535,"122,953,000","916,902"
1336,1346,20113885,"50,836,000","1,846,007"
1337,1347,20128274,"423,130,500","1,929,159"
1338,1349,20088506,"164,193,000","1,108,678"
1339,1350,20124075,"477,992,500","1,043,970"
1340,1351,20126469,"11,964,000","1,395,256"
1341,1352,20113533,"606,693,500","1,168,362"
1342,1353,20125048,"13,534,000","1,529,027"
1343,1354,20124050,"47,879,500","950,095"
1344,1355,20125920,"48,759,000","1,297,524"
1345,1356,20113461,"6,991,000","1,235,323"
1346,1357,20144941,,47
1347,1358,20112134,"319,209,500","1,322,147"
1348,1359,20132742,,"3,302"
1349,1360,20125915,,"4,786"
1350,1361,20113862,"322,181,500","883,384"
1351,1362,20154141,"33,417,500","1,358,938"
1352,1363,20124045,"129,039,000","780,856"
1353,1364,20129806,,"1,100"
1354,1365,20119827,"335,000",142
1355,1366,20124399,"429,790,000","1,082,668"
1356,1367,20113916,"84,800,000","1,144,371"
1357,1368,20124142,"25,863,000","584,253"
1358,1369,20126667,"28,636,000","693,706"
1359,1370,20124063,"40,106,000","893,586"
1360,1371,20124136,"447,293,000","663,346"
1361,1372,20110249,"25,992,000","858,891"
1362,1373,20124057,"85,154,000","842,433"
1363,1374,20124065,"105,691,500","539,473"
1364,1375,20124066,"26,182,000","747,210"
1365,1376,20124400,"27,742,000","535,576"
1366,1377,20030439,"19,375,500","29,771"
1367,1378,20124032,"76,636,000","472,783"
1368,1379,20127634,"47,769,500","764,174"
1369,1380,20125647,"75,067,500","879,348"
1370,1381,20124049,"383,936,000","822,430"
1371,1382,20124064,"34,610,000","724,687"
1372,1383,20113886,"38,447,500","753,905"
1373,1384,20149317,"13,648,000","816,946"
1374,1385,20126407,"588,697,500","406,173"
1375,1386,20100215,"10,377,500","432,520"
1376,1387,20126409,"4,200,000","754,761"
1377,1388,20128687,"75,012,000","766,399"
1378,1389,20124051,"58,114,000","481,456"
1379,1390,20113671,"65,032,000","541,314"
1380,1391,20124348,"34,049,000","711,856"
1381,1392,20125086,"446,324,000","616,678"
1382,1393,20126448,"329,019,000","447,603"
1383,1394,20113887,"965,294,500","680,764"
1384,1395,20124096,"17,732,000","395,918"
1385,1396,20124080,"618,863,500","587,637"
1386,1397,20113920,"21,376,500","243,178"
1387,1398,20113745,"903,740,000","497,434"
1388,1399,20129388,"247,795,000","425,633"
1389,1400,20113532,"29,492,000","442,916"
1390,1401,20124127,"26,335,000","425,606"
1391,1402,20154730,"3,608,000",572
1392,1403,20124934,"9,904,000","171,524"
1393,1404,20124420,"47,412,000","411,512"
1394,1405,20129368,"151,935,000","612,782"
1395,1406,20112181,"1,188,000",373
1396,1407,20149668,"6,900,000","1,889"
1397,1408,20148128,"945,000","1,465"
1398,1409,20133773,"6,480,000","4,401"
1399,1410,20125426,"69,340,500","342,458"
1400,1411,20125866,"16,776,000","476,381"
1401,1412,20128270,"75,983,000","328,593"
1402,1413,20127306,"4,608,000","247,135"
1403,1414,20124055,"45,444,000","351,036"
1404,1415,20113951,"111,221,500","335,960"
1405,1416,20124946,"17,536,000","308,773"
1406,1417,20110882,"3,868,000","281,785"
1407,1418,20125916,"17,152,000","325,473"
1408,1419,20156629,"15,535,000","2,591"
1409,1420,20124666,"28,544,500","287,789"
1410,1421,20101069,"24,575,500","89,441"
1411,1422,19980074,,"369,784"
1412,1423,20126686,"34,514,000","125,074"
1413,1424,20125338,"19,015,000","295,854"
1414,1425,20127494,"13,144,000","104,852"
1415,1426,20127546,"57,410,500","267,756"
1416,1427,20158242,"19,181,000","90,662"
1417,1428,20136058,"18,195,000","379,117"
1418,1429,20124349,"37,388,000","190,522"
1419,1430,20128247,"24,960,000","265,489"
1420,1431,20127108,"33,020,000","134,677"
1421,1432,20127887,"1,200,000","150,773"
1422,1433,20113889,"11,803,000","213,081"
1423,1434,20129626,"43,915,000","204,345"
1424,1436,20124021,"1,302,000","229,559"
1425,1437,20113636,"57,132,000","209,516"
1426,1438,20148210,,"5,401"
1427,1439,20113472,"13,685,000","183,724"
1428,1440,20123217,"1,192,000","222,436"
1429,1441,20125427,"4,734,000","109,307"
1430,1442,20111774,"48,829,500","214,751"
1431,1443,20156749,"945,000","133,198"
1432,1444,20129166,"4,800,000","157,863"
1433,1445,20126388,"180,162,000","240,603"
1434,1446,20124874,"7,300,000","190,514"
1435,1447,20124070,"66,627,000","189,710"
1436,1448,20126566,"58,231,000","185,539"
1437,1449,20113391,"28,375,000","203,793"
1438,1450,20126089,"50,365,000","176,382"
1439,1451,20129092,"127,263,500","106,838"
1440,1452,20113811,"63,019,000","104,258"
1441,1453,20112561,"31,819,000","142,537"
1442,1454,20127266,"6,294,000","92,216"
1443,1455,20124449,,"132,675"
1444,1456,20113652,0,"142,322"
1445,1457,20113821,"16,624,000","123,046"
1446,1458,20149769,,"1,811"
1447,1459,20148795,"2,720,000","240,447"
1448,1460,20113912,"1,700,000","83,681"
1449,1461,20129790,"20,185,000","98,558"
1450,1462,20125646,"2,782,000","105,307"
1451,1463,20126745,"38,823,000","109,814"
1452,1464,20131206,"20,247,000","13,103"
1453,1465,20113975,"26,148,000","95,515"
1454,1466,20124058,"2,800,000","101,692"
1455,1467,20068590,"12,573,000","80,524"
1456,1468,20128271,"29,107,000","82,815"
1457,1469,20113883,"27,289,000","85,107"
1458,1470,20120430,"66,379,000","60,537"
1459,1471,20127086,"24,314,000","86,873"
1460,1472,20125907,"13,492,000","79,404"
1461,1473,20124134,0,"80,517"
1462,1474,20151201,"7,928,000","21,286"
1463,1475,20113982,"37,497,500","74,794"
1464,1476,20125806,"5,616,000","70,942"
1465,1477,20120021,"7,445,000","66,694"
1466,1478,20112443,"7,108,500","9,580"
1467,1479,20113881,"20,846,000","56,315"
1468,1480,20129407,"25,978,000","62,664"
1469,1481,20129260,"1,308,000","12,121"
1470,1482,20124551,"4,247,000","48,636"
1471,1483,20126470,"22,881,000","46,471"
1472,1484,20124738,"6,222,000","49,535"
1473,1485,20126410,"1,802,000","46,713"
1474,1486,20120421,"4,850,000","51,602"
1475,1487,20113981,"4,599,000","34,610"
1476,1488,20124873,,"48,765"
1477,1489,20127446,"14,539,000","46,974"
1478,1490,20150741,"1,211,000","379,594"
1479,1491,20135657,,"365,576"
1480,1492,20124011,"44,528,500","48,820"
1481,1493,20124061,"26,930,000","28,511"
1482,1494,20126617,"4,344,000","47,404"
1483,1495,20128272,"4,154,000","48,173"
1484,1496,20120661,"16,609,000","46,684"
1485,1497,20124046,"38,557,000","41,678"
1486,1498,20120942,,"28,162"
1487,1499,20125126,"4,848,000","43,682"
1488,1500,20113486,"7,243,500","9,050"
1489,1501,20152781,"165,627,800","1,599,665"
1490,1502,20129766,"18,143,000","37,881"
1491,1503,20144324,,"15,419"
1492,1504,20124939,"1,554,000","24,516"
1493,1505,20113201,"8,011,000","38,687"
1494,1506,20127630,"8,176,000","35,357"
1495,1507,20129146,"1,404,000","35,448"
1496,1508,20112808,"8,444,000","5,766"
1497,1509,20121628,"6,248,000","31,892"
1498,1510,20111416,"139,345,500","33,653"
1499,1511,20128588,"16,469,000","24,364"
1500,1512,20124917,"18,865,000","28,692"
1501,1513,20125106,"9,776,000","31,228"
1502,1514,20159536,,13
1503,1515,20126408,"7,138,000","9,409"
1504,1516,20125346,"37,840,000","28,489"
1505,1517,20125649,"8,432,500","21,107"
1506,1518,20127706,"12,496,000","21,936"
1507,1519,20125486,"39,229,000","25,806"
1508,1520,20133942,,35
1509,1521,20124023,"26,817,000","24,807"
1510,1522,20124552,"2,650,000","13,385"
1511,1523,20122101,"8,463,000","13,928"
1512,1524,20113481,"6,129,500","9,297"
1513,1525,20126506,"2,994,000","8,284"
1514,1526,20128746,"16,562,000","6,919"
1515,1527,20121244,"6,812,000","14,092"
1516,1528,20124530,"11,094,000","8,480"
1517,1529,20121550,"11,601,000","19,596"
1518,1530,20121241,"10,539,000","21,488"
1519,1531,20113556,"23,245,000","17,399"
1520,1532,20125467,"23,280,000","20,869"
1521,1533,20128306,"13,388,000","6,127"
1522,1534,20119207,,"1,178"
1523,1535,20128707,"14,582,000","20,802"
1524,1536,20128549,"10,189,000","9,010"
1525,1537,20120127,0,"17,015"
1526,1538,20100752,"9,050,000","6,536"
1527,1539,20124186,"22,813,000","13,587"
1528,1540,20125446,"8,459,000","8,647"
1529,1541,20129089,,"2,674"
1530,1542,20125967,"4,914,500","4,451"
1531,1543,20124114,,"2,146"
1532,1544,20125306,"21,159,000","16,918"
1533,1545,20123722,,100
1534,1546,20125307,"2,495,000","16,021"
1535,1547,20124872,,"16,647"
1536,1548,20112932,"27,448,000","12,703"
1537,1549,20128530,"12,619,000","14,890"
1538,1550,20126026,"5,008,500","6,156"
1539,1551,20113501,"2,521,000","5,099"
1540,1552,20120541,"3,212,200","3,192"
1541,1553,20121641,"6,577,000","14,308"
1542,1554,20124098,,"13,316"
1543,1555,20128832,"3,546,000","11,079"
1544,1556,20126010,"3,806,000","7,619"
1545,1557,20113822,"522,500","6,910"
1546,1558,20127406,"6,448,000","4,734"
1547,1559,20129046,"2,297,000","12,196"
1548,1560,20133943,,20
1549,1561,20129227,"7,952,000","11,242"
1550,1562,20156905,,58
1551,1563,20124060,"20,494,000","10,362"
1552,1564,20126446,"7,093,500","3,483"
1553,1565,20125766,"1,304,000","3,519"
1554,1566,20120107,"9,494,000","5,666"
1555,1567,20124933,"14,718,000","8,064"
1556,1568,20121923,"8,470,000","11,166"
1557,1569,20125567,"1,464,000","4,262"
1558,1570,20162042,"4,825,500","9,476"
1559,1571,20128977,"7,983,000","10,505"
1560,1572,20081818,"16,995,500","5,223"
1561,1573,20121095,"7,418,000","5,496"
1562,1574,20113482,"3,781,000","3,549"
1563,1575,20113491,"3,011,000","4,460"
1564,1576,20127593,"171,635,000","2,337,681"
1565,1577,20126674,"2,993,597,500","4,523,688"
1566,1578,20126091,"75,284,000","3,231,500"
1567,1579,20124083,"1,039,160,500","2,658,621"
1568,1580,20140097,,266
1569,1581,20126672,"71,783,000","3,874,357"
1570,1582,20131304,,"2,484"
1571,1583,20134803,"138,050,000","2,474,028"
1572,1584,20136049,"122,927,000","2,613,619"
1573,1585,20136052,"974,499,000","2,323,403"
1574,1586,20122783,"86,500,000","2,174,366"
1575,1587,20122122,"18,812,000","2,107,973"
1576,1588,20124401,"73,105,000","1,512,701"
1577,1589,20124935,"74,221,000","1,328,287"
1578,1590,20161595,,37
1579,1591,20152871,"53,856,000","198,416"
1580,1592,20155010,"12,732,000","18,400"
1581,1593,20154761,,6
1582,1594,20139221,"40,365,000","1,085,443"
1583,1595,20124937,"947,094,000","2,083,684"
1584,1596,20138355,"6,509,000","1,195,471"
1585,1597,20136962,"9,389,000","1,402,153"
1586,1598,20137044,"52,496,000","1,771,454"
1587,1599,20135428,"190,298,000","830,913"
1588,1600,20138881,"32,192,500","1,434,887"
1589,1601,20159641,"204,028,800","249,587"
1590,1602,20134582,"279,519,000","1,000,030"
1591,1603,20041524,"6,056,000","61,917"
1592,1604,20133661,,100
1593,1605,20136961,"32,394,000","1,692,710"
1594,1606,20123383,"54,415,000","1,400,149"
1595,1607,20162941,"23,210,000","769,662"
1596,1608,20131381,"45,035,000","897,327"
1597,1609,20137961,"13,934,000","1,498,139"
1598,1610,20124938,"148,085,000","1,985,065"
1599,1611,20134267,"12,318,000","1,206,040"
1600,1612,20122784,"76,428,000","872,527"
1601,1613,20137549,"514,811,000","907,530"
1602,1614,20020205,,128
1603,1615,20128690,"80,463,000","868,233"
1604,1616,20113972,"29,155,000","1,054,226"
1605,1617,20135221,"57,064,500","991,899"
1606,1618,20129606,"51,708,000","977,955"
1607,1619,20134123,"60,858,000","1,015,630"
1608,1620,20125333,"173,524,000","800,318"
1609,1621,20123329,"744,050,500","834,215"
1610,1622,20128386,"58,075,000","654,265"
1611,1623,20134181,"4,886,000","799,327"
1612,1624,20136219,"7,020,000","774,918"
1613,1625,20123387,"18,118,000","985,122"
1614,1626,20126671,"71,733,000","750,063"
1615,1627,20124082,"169,123,000","835,342"
1616,1628,20136061,"166,080,500","570,470"
1617,1629,20123381,"43,855,000","888,283"
1618,1630,20137811,"20,884,000","894,380"
1619,1631,20129114,"69,519,000","642,992"
1620,1632,20135241,"23,856,000","635,810"
1621,1633,20120426,"51,240,500","706,223"
1622,1634,20138544,"19,127,000","632,465"
1623,1635,20137121,"418,286,500","958,059"
1624,1636,20121549,"78,887,000","536,980"
1625,1637,20123641,"4,848,000","725,329"
1626,1638,20135362,"494,213,500","412,025"
1627,1639,20123681,"28,257,000","401,213"
1628,1640,20154242,"31,267,000","861,956"
1629,1641,20129156,"30,278,000","497,550"
1630,1642,20124402,"48,945,000","593,030"
1631,1643,20135001,"95,794,000","287,500"
1632,1644,20125990,"74,102,000","630,869"
1633,1645,20123333,"8,782,000","587,781"
1634,1646,20134801,"35,916,000","443,942"
1635,1647,20121861,"64,197,000","443,800"
1636,1648,20129588,"5,868,000","311,736"
1637,1649,20137815,"18,912,000","449,127"
1638,1650,20137426,,"456,927"
1639,1651,20134407,"46,468,000","389,566"
1640,1652,20137562,"20,960,000","251,421"
1641,1653,20126087,"68,783,000","385,396"
1642,1654,20134984,"7,722,000","352,460"
1643,1655,20139981,"89,957,500","355,257"
1644,1656,20134206,"34,041,000","400,173"
1645,1657,20138223,"78,920,000","318,327"
1646,1658,20124024,"28,873,000","345,990"
1647,1659,20110881,"28,904,000","331,627"
1648,1660,20058720,"4,960,000","250,860"
1649,1661,20136862,"9,728,000","328,673"
1650,1662,20120467,"173,231,000","297,926"
1651,1663,20101166,,30
1652,1664,20122625,"6,352,000","262,700"
1653,1665,20128691,"90,608,000","251,374"
1654,1666,20135370,"15,442,000","193,092"
1655,1667,20123421,"30,096,000","182,378"
1656,1668,20143344,"19,929,000","470,717"
1657,1669,20122785,"32,154,000","231,661"
1658,1670,20122803,"25,380,000","189,706"
1659,1671,20123384,"44,355,000","229,455"
1660,1672,20132821,"111,256,000","180,603"
1661,1673,20128747,"18,331,000","192,570"
1662,1674,20150461,"3,934,000","56,420"
1663,1675,20139265,"19,844,000","194,514"
1664,1676,20135427,"22,545,000","174,038"
1665,1677,20136741,"6,377,000","91,498"
1666,1678,20136138,"12,400,000","136,961"
1667,1679,20134562,"27,286,500","88,827"
1668,1680,20122786,"11,407,000","174,528"
1669,1681,20140119,,"2,797"
1670,1682,20130783,"21,139,000","167,381"
1671,1683,20126583,"62,444,000","147,585"
1672,1684,20123644,"8,672,000","132,388"
1673,1685,20137963,"9,302,000","134,866"
1674,1686,20134603,"30,427,500","85,428"
1675,1687,20048799,"5,435,000","121,743"
1676,1688,20153821,"2,868,000",508
1677,1689,20120428,"28,511,000","151,854"
1678,1690,20123201,"15,876,000","139,863"
1679,1691,20143666,"2,827,000","2,502"
1680,1692,20131246,"315,463,000","573,349"
1681,1693,20123821,"29,307,000","106,290"
1682,1694,20131630,"20,543,000","145,956"
1683,1695,20122231,"9,793,500","90,930"
1684,1696,20120108,"114,126,500","42,321"
1685,1697,20131541,"21,993,000","71,751"
1686,1698,20134581,"30,121,000","94,500"
1687,1699,20149831,"46,536,500","59,212"
1688,1700,20139601,"1,712,000","121,678"
1689,1701,20133152,"3,825,500","113,092"
1690,1702,20132824,"20,920,000","120,002"
1691,1703,20040618,"150,385,000","228,118"
1692,1704,20132120,"79,722,000","103,175"
1693,1705,20123484,"50,062,000","95,736"
1694,1706,20134268,"2,256,000","85,632"
1695,1707,20139383,"13,524,000","90,699"
1696,1708,20134124,"19,739,000","107,223"
1697,1709,20129262,"19,986,000","93,904"
1698,1710,20139826,"1,111,500","17,214"
1699,1711,20134046,"99,030,000","544,866"
1700,1712,20132082,"7,235,000","93,575"
1701,1713,20139072,"33,365,500","69,148"
1702,1714,20138421,"8,098,000","98,384"
1703,1715,20132261,,"59,799"
1704,1716,20134983,"8,872,000","56,972"
1705,1717,20010292,,"90,041"
1706,1718,20138141,"38,599,000","81,712"
1707,1719,20136662,"3,465,000","74,447"
1708,1720,20126253,"1,658,000","37,905"
1709,1721,20139263,"856,000","44,499"
1710,1722,20030072,,"72,316"
1711,1723,19850024,,"3,047"
1712,1724,20134144,"10,582,500","33,432"
1713,1725,20120381,"18,906,000","43,690"
1714,1726,20137041,"6,807,000","21,727"
1715,1727,19650001,,"15,880"
1716,1728,20120103,"26,702,000","63,719"
1717,1729,20139141,"16,075,000","60,531"
1718,1730,20123422,"14,712,000","59,815"
1719,1731,20128079,"7,500,805","43,388"
1720,1732,20136921,"14,764,000","40,083"
1721,1733,20135443,"7,137,000","30,062"
1722,1734,20134701,"2,516,000","51,509"
1723,1735,20135581,"19,493,000","44,089"
1724,1736,20135942,"4,508,000","27,573"
1725,1737,20147848,"5,180,000","20,177"
1726,1738,20136783,"3,024,000","31,340"
1727,1739,20126003,"2,048,000","4,592"
1728,1740,20134042,"28,160,000","46,208"
1729,1741,20139083,"11,518,000","31,433"
1730,1742,20131245,"22,183,000","34,531"
1731,1743,20133704,"19,183,500","28,631"
1732,1744,20127597,"37,082,000","44,743"
1733,1745,20132262,"5,584,000","44,029"
1734,1746,20130569,"4,508,000","35,992"
1735,1747,20000067,,"74,323"
1736,1748,20121622,"20,484,500","43,130"
1737,1749,20122681,"4,176,000","1,095"
1738,1750,20131001,"2,186,000","39,655"
1739,1751,20130709,,"1,170"
1740,1752,20134102,"11,006,000","37,626"
1741,1753,20135766,,"3,031"
1742,1754,20098169,"36,802,000","2,230,919"
1743,1755,19930176,,"42,516"
1744,1756,20135261,,"1,100"
1745,1757,20134869,"4,392,000","41,805"
1746,1758,20137082,"8,603,000","41,064"
1747,1759,20133760,"20,044,000","31,094"
1748,1760,20137422,"7,441,000","33,910"
1749,1761,20139723,"4,088,000","36,159"
1750,1762,20135369,"19,242,000","214,638"
1751,1763,20138201,,"30,569"
1752,1764,20139461,"4,864,000","29,835"
1753,1765,20121741,"1,247,000","14,714"
1754,1766,20123741,"25,813,500","28,387"
1755,1767,20162577,,6
1756,1768,20155740,,"13,335"
1757,1769,20138884,"10,112,000","31,202"
1758,1770,20133881,"12,441,000","13,610"
1759,1771,20138712,"5,032,000","30,795"
1760,1772,20132807,"3,502,000","8,884"
1761,1773,20134244,"560,000","23,783"
1762,1774,20136810,"1,600,000","19,257"
1763,1775,20138350,"9,240,000","23,603"
1764,1776,20135365,"994,000","17,913"
1765,1777,20135368,"5,684,000","17,406"
1766,1778,20134044,"3,656,000","7,438"
1767,1779,20122581,"972,000","18,792"
1768,1780,19980036,,"24,339"
1769,1781,20060411,,57
1770,1782,20131281,"8,640,000","5,247"
1771,1783,20138226,"97,919,000","679,712"
1772,1784,20126668,0,625
1773,1785,20134222,"18,908,000","21,788"
1774,1786,20135521,"9,336,500","6,398"
1775,1787,20134068,"8,431,500","8,304"
1776,1788,20131263,"23,801,000","15,086"
1777,1789,20130421,"4,595,500","8,938"
1778,1790,20130252,"6,886,000","9,294"
1779,1791,20137585,"7,436,000","7,361"
1780,1792,20121455,"4,446,000","18,390"
1781,1793,20163701,,414
1782,1794,20165502,"6,548,000",737
1783,1795,20162066,,130
1784,1796,20123603,"10,919,000","18,728"
1785,1797,20133603,"13,431,000","54,545"
1786,1798,20130669,"340,000","1,700"
1787,1799,20138222,"67,446,000","19,102"
1788,1800,20135837,"21,398,500","20,146"
1789,1801,20058701,"7,856,000","16,995"
1790,1802,20134061,"3,408,000","8,853"
1791,1803,20136202,"4,738,000","19,372"
1792,1805,20134505,"1,008,000",614
1793,1806,20123602,"1,904,000","8,615"
1794,1807,20122223,"12,456,000","8,401"
1795,1808,20159421,,50
1796,1809,20159141,"38,495,000","68,542"
1797,1810,20137081,"9,454,000","12,123"
1798,1811,20139121,"2,697,000","6,657"
1799,1812,20139081,"44,721,000","15,926"
1800,1813,20122221,"4,448,000","5,894"
1801,1814,20136782,"1,785,000","4,719"
1802,1815,20130482,"11,310,000","10,768"
1803,1816,20134621,"28,624,000","14,095"
1804,1817,20120110,"2,181,500","11,248"
1805,1818,20130250,"24,352,000","15,912"
1806,1819,20122229,"4,016,000","6,395"
1807,1820,20132381,,"8,355"
1808,1821,20132481,"5,680,000","6,365"
1809,1822,20122865,"1,400,000","10,967"
1810,1823,20129786,"8,777,000","7,489"
1811,1824,20134027,"5,550,000","13,936"
1812,1825,20132805,"24,844,000","8,201"
1813,1826,19918269,"3,616,000","10,640"
1814,1827,20135278,"8,809,500","13,492"
1815,1828,20134484,"8,795,500","5,875"
1816,1829,20120801,"2,608,000","6,841"
1817,1830,20132722,"1,464,000","8,122"
1818,1831,20137061,"19,410,000","11,043"
1819,1832,20123004,"9,600,000","7,311"
1820,1833,20137722,"1,792,000","12,683"
1821,1834,20135907,"5,696,000","11,985"
1822,1835,20138482,"5,310,000","4,140"
1823,1836,20123521,"1,904,000","6,767"
1824,1837,20134362,,"7,571"
1825,1838,20138882,"3,641,500","7,496"
1826,1839,20133159,"2,450,000","5,816"
1827,1840,20134062,"5,160,000","11,191"
1828,1841,20113917,"5,532,000","10,040"
1829,1842,20136281,"7,776,000","6,080"
1830,1843,20122005,"13,957,000","7,554"
1831,1844,20121094,"43,780,000","9,737"
1832,1845,20132167,"5,320,000","10,060"
1833,1846,20129370,"172,231,000","6,626,792"
1834,1847,20157431,"21,674,000","6,876"
1835,1848,20136803,"60,299,000","1,709,407"
1836,1849,20149120,"131,316,200","2,687,135"
1837,1850,20136064,"225,478,500","2,329,907"
1838,1851,20131102,"195,855,000","1,499,882"
1839,1852,20137048,"256,465,000","1,977,223"
1840,1853,20123501,"102,601,000","3,643,920"
1841,1854,20148807,"704,827,600","2,172,885"
1842,1855,20147669,"752,471,200","2,174,842"
1843,1856,20134804,"128,406,100","2,077,176"
1844,1857,20148973,"10,464,000","1,953,525"
1845,1858,20139183,"42,921,000","2,461,426"
1846,1859,20141111,"48,982,000","106,398"
1847,1860,20139201,"589,721,700","1,631,344"
1848,1861,20130442,"186,449,000","948,863"
1849,1862,20149629,"73,168,000","142,843"
1850,1863,20136513,,24
1851,1864,20150622,"77,855,000","1,234,341"
1852,1865,20140431,"40,113,000","966,009"
1853,1866,20140226,"24,626,000","1,509,978"
1854,1867,19900047,,357
1855,1868,20147930,"100,795,500","915,199"
1856,1869,20136498,,"3,594"
1857,1870,20147299,"21,803,000","1,020,406"
1858,1871,20149811,"19,979,500","884,182"
1859,1872,20158069,"50,147,000","179,820"
1860,1873,20136947,,"4,503"
1861,1874,20133602,"38,122,000","1,365,797"
1862,1875,20137043,"46,665,000","803,877"
1863,1877,20135656,"28,626,000","1,349,335"
1864,1878,20149265,"496,926,100","1,640,250"
1865,1879,20140425,"45,584,100","708,052"
1866,1880,20134589,"153,649,500","876,407"
1867,1881,20139881,"58,912,000","1,066,972"
1868,1882,20134594,"103,682,600","1,055,898"
1869,1883,20140842,"41,318,000","909,086"
1870,1884,20134082,"102,081,300","1,086,549"
1871,1885,20133322,"34,793,000","789,051"
1872,1886,20148383,"4,279,000","686,979"
1873,1887,20134028,"15,836,000","774,864"
1874,1888,20140694,"40,884,000","658,928"
1875,1889,20060173,"39,884,000","153,120"
1876,1890,20141261,,"638,631"
1877,1891,20134590,"418,770,200","724,798"
1878,1892,20135386,"89,660,000","775,726"
1879,1893,20129787,"68,089,000","581,199"
1880,1894,20134587,"18,240,000","749,006"
1881,1895,20148842,"32,674,000","532,416"
1882,1896,20141113,"39,346,200","527,387"
1883,1897,20140402,"36,741,000","609,332"
1884,1898,20136802,"239,237,000","533,544"
1885,1899,20155783,,249
1886,1900,20050071,"419,500","1,011"
1887,1901,20130561,"141,815,000","490,132"
1888,1902,20147727,"18,244,100","135,103"
1889,1903,20138962,"37,093,000","546,684"
1890,1904,20149846,"39,578,000","308,503"
1891,1905,20147874,"4,848,000","605,823"
1892,1906,20130522,"11,488,000","489,955"
1893,1907,20147176,"150,836,400","646,720"
1894,1908,20138224,"118,685,000","462,927"
1895,1909,20132482,"384,378,100","518,764"
1896,1910,20134533,"32,156,000","431,927"
1897,1911,20147129,"30,334,000","412,431"
1898,1912,20134591,"20,529,000","372,748"
1899,1913,20136812,"11,212,000","329,399"
1900,1914,20149930,"37,261,000","325,186"
1901,1915,20162222,"1,208,000","5,207"
1902,1916,20158192,"4,396,000","6,782"
1903,1917,20040637,"108,984,500","139,548"
1904,1918,20155441,"14,074,000","23,634"
1905,1919,20136866,"48,668,000","177,507"
1906,1920,20122787,"70,203,000","244,374"
1907,1921,20147931,"15,466,000","339,863"
1908,1922,20126090,"48,415,000","440,814"
1909,1923,20136863,"70,622,400","361,536"
1910,1924,20136043,"52,321,000","198,103"
1911,1925,20162627,"49,115,000","98,041"
1912,1926,20147283,"31,409,000","324,960"
1913,1927,20149394,"1,944,000","348,589"
1914,1928,20148745,"307,917,600","298,176"
1915,1930,20148132,"54,732,500","354,727"
1916,1931,20149567,"10,979,000","256,052"
1917,1932,20148626,"203,914,400","335,291"
1918,1933,20133601,"45,755,000","146,848"
1919,1934,20143509,"18,931,000","70,123"
1920,1935,20136062,"49,126,000","244,236"
1921,1936,20137545,"78,000",176
1922,1937,20147968,"66,363,900","178,875"
1923,1938,20136337,"6,664,000","300,751"
1924,1939,20134592,"9,544,000","260,073"
1925,1940,20143422,"10,326,000","307,607"
1926,1941,20139964,"53,574,500","198,186"
1927,1942,20149978,"17,638,000","220,902"
1928,1943,20147096,"7,256,000","284,916"
1929,1944,20142421,"72,394,000","240,284"
1930,1945,20148686,"19,695,000","205,187"
1931,1946,20143543,"5,681,000","236,943"
1932,1947,20149970,"31,138,500","160,029"
1933,1948,20040595,"243,347,500","450,965"
1934,1949,20140458,"19,684,000","216,093"
1935,1950,20148728,"19,166,000","141,622"
1936,1951,20148877,"23,163,500","143,005"
1937,1952,20136445,"6,984,000","127,247"
1938,1953,20148648,"13,282,105","129,075"
1939,1954,20134122,"26,728,100","87,429"
1940,1955,20147609,"8,753,200","190,104"
1941,1956,20141281,"20,696,000","109,338"
1942,1957,20134588,"45,304,000","163,048"
1943,1958,20149287,"84,779,400","161,141"
1944,1959,20149984,"44,167,000","149,154"
1945,1960,20149910,"17,016,300","76,714"
1946,1961,20143602,"33,957,000","176,365"
1947,1962,20040756,"2,700,000","773,459"
1948,1963,20147683,"72,375,000","146,186"
1949,1964,20136312,"51,664,000","137,681"
1950,1965,20140181,"20,761,000","124,871"
1951,1966,20147250,"9,459,000","137,120"
1952,1967,20149859,"33,509,000","970,564"
1953,1968,20134585,"27,672,000","121,292"
1954,1969,20120104,"2,238,500","1,054"
1955,1970,20148830,"8,771,500","25,749"
1956,1971,20148927,"30,681,000","120,410"
1957,1972,20142843,"37,269,000","72,424"
1958,1973,20149758,"12,928,000","90,850"
1959,1974,20149099,"9,170,000","94,998"
1960,1975,20134586,"24,044,500","98,797"
1961,1976,20149288,"21,742,000","86,596"
1962,1977,20148232,"7,375,000","94,473"
1963,1978,20140247,"9,822,000","100,061"
1964,1979,20142301,"6,946,000","55,794"
1965,1980,20147694,"22,632,000","59,716"
1966,1981,20136894,"7,196,000","85,910"
1967,1982,20149667,"2,226,000",390
1968,1983,20149568,"9,696,000","83,521"
1969,1984,20147971,"7,119,000","49,748"
1970,1985,20134069,"6,436,000","75,839"
1971,1986,20147693,"13,978,000","72,735"
1972,1987,20147928,"29,100,000","76,056"
1973,1988,20147948,"44,206,500","57,791"
1974,1989,20149511,"1,712,000","77,909"
1975,1990,20142023,"31,280,000","72,850"
1976,1991,20147684,"37,762,500","24,263"
1977,1992,20149415,"24,254,500","58,230"
1978,1993,20149140,"27,350,000","74,026"
1979,1994,20136926,"20,799,500","27,616"
1980,1995,20141028,"5,385,000","52,911"
1981,1996,20147678,"30,600,700","57,373"
1982,1997,20147430,"2,608,000","66,872"
1983,1998,20147625,"30,519,300","44,964"
1984,1999,20149931,"13,558,000","63,090"
1985,2000,20148129,"25,712,000","62,398"
1986,2001,20133641,"34,011,000","48,238"
1987,2002,20148994,"9,576,000","34,677"
1988,2003,20141088,"6,208,000","21,297"
1989,2004,20140196,"10,465,000","32,453"
1990,2005,20141961,"17,948,000","46,894"
1991,2006,20136292,"17,526,000","16,148"
1992,2007,20134070,"29,703,500","34,330"
1993,2008,20141706,"11,577,000","13,257"
1994,2009,20158943,,199
1995,2010,20142798,"2,040,000","13,327"
1996,2011,20148834,"30,283,000","30,699"
1997,2012,20149441,"11,901,000","43,091"
1998,2013,20149257,"13,406,000","42,245"
1999,2014,20132799,"10,948,500","10,869"
2000,2015,20147282,"24,584,000","34,538"
2001,2016,20142321,"12,411,000","39,326"
2002,2017,20147970,"17,324,600","16,187"
2003,2018,20130574,"127,810,000","179,136"
2004,2019,20149125,,"13,610"
2005,2020,20147527,"38,332,500","27,836"
2006,2021,20148840,"15,767,100","18,539"
2007,2022,20147679,"35,588,000","29,041"
2008,2023,20124047,"12,088,000","36,850"
2009,2024,20148277,"17,460,000","32,272"
2010,2025,20147372,"23,194,000","35,188"
2011,2026,20136805,"1,116,000","21,411"
2012,2027,20123662,"27,218,000","17,272"
2013,2028,20141704,"61,641,000","21,444"
2014,2029,20141621,"11,901,400","20,315"
2015,2030,20070031,,822
2016,2031,20147691,"24,745,500","19,096"
2017,2032,20136586,"2,354,000","16,412"
2018,2033,20149796,"9,360,100","11,475"
2019,2034,20143314,"9,736,000","24,584"
2020,2035,20147880,"10,343,000","13,673"
2021,2036,20143343,"17,183,100","15,786"
2022,2037,20136575,"78,107,000","32,636"
2023,2038,20140459,"3,802,600","19,922"
2024,2039,20148347,"4,864,000","24,969"
2025,2040,20148997,"8,676,000","12,508"
2026,2041,20147301,"41,150,000","27,920"
2027,2042,20141441,"10,796,000","28,092"
2028,2043,20147649,"18,976,000","25,366"
2029,2044,20142021,"29,589,000","27,508"
2030,2045,20140762,"10,788,000","27,922"
2031,2046,20141781,"5,600,000","18,695"
2032,2047,20142481,"47,848,000","26,584"
2033,2048,20149459,"7,951,000","15,266"
2034,2049,20149838,"45,676,000","22,294"
2035,2050,20134436,"26,888,000","24,156"
2036,2051,20149343,"6,794,100","13,138"
2037,2052,20143574,"1,984,000","20,626"
2038,2053,20135946,"6,577,000","16,072"
2039,2054,20142110,"32,044,000","22,166"
2040,2055,20147161,,"21,872"
2041,2056,20158492,"1,568,000","6,022"
2042,2057,20141001,"15,940,000","14,056"
2043,2058,20155762,"23,633,800","18,470"
2044,2059,20147695,"13,346,000","21,549"
2045,2060,20138501,"13,308,800","17,743"
2046,2061,20149462,"1,008,000","21,075"
2047,2062,20142964,"17,093,700","12,322"
2048,2063,20136736,"5,442,000","19,249"
2049,2064,20148602,"9,578,500","13,407"
2050,2065,20110237,,"1,189"
2051,2066,20148381,"18,611,000","10,881"
2052,2067,20148208,"5,067,000","20,344"
2053,2068,20143081,"5,284,000","9,743"
2054,2069,20142857,"13,816,000","18,200"
2055,2070,20148627,"19,091,300","7,120"
2056,2071,20149388,"23,916,000","14,085"
2057,2072,20142182,"945,000","7,687"
2058,2073,20149494,"2,656,000","13,232"
2059,2074,20147557,"945,000","17,500"
2060,2075,20142844,,"15,822"
2061,2076,20136865,"21,470,000","15,991"
2062,2077,20141614,"85,924,500","44,918"
2063,2078,20148847,"4,991,000","16,979"
2064,2079,20136935,"15,687,000","14,822"
2065,2080,20142741,"1,712,000","16,663"
2066,2081,20148976,"3,024,000","9,303"
2067,2082,20141681,"3,118,000","13,252"
2068,2083,20147872,"41,692,000","16,854"
2069,2085,20138221,"10,181,000","14,870"
2070,2086,20149409,"8,716,000","15,582"
2071,2087,20148829,,"13,123"
2072,2088,20149307,"8,379,000","11,679"
2073,2089,20010238,,"15,906"
2074,2090,20020313,,"16,736"
2075,2091,20142341,"945,000","14,013"
2076,2092,20149155,"81,000","12,996"
2077,2093,20143325,"3,060,000","10,884"
2078,2094,20147584,"3,794,000","4,175"
2079,2095,20136298,"11,519,500","6,771"
2080,2096,20147904,"3,946,000","12,180"
2081,2097,20040763,,768
2082,2098,20030125,,542
2083,2099,20130573,"25,149,000","12,972"
2084,2100,20010013,,940
2085,2101,20040651,"2,352,000","305,792"
2086,2102,20157565,,460
2087,2103,20141027,"2,696,000","8,336"
2088,2105,20143706,"7,541,000","13,642"
2089,2106,20147805,"11,665,000","8,686"
2090,2107,20140186,"31,075,000","14,579"
2091,2108,20147379,,"10,347"
2092,2109,20147407,"1,008,000","13,872"
2093,2110,20136928,"34,389,000","8,766"
2094,2111,20141408,,"8,578"
2095,2112,20136861,"2,100,000","4,416"
2096,2113,20050009,"10,058,000","20,042"
2097,2114,20131841,"18,065,000","9,810"
2098,2115,20147509,"1,008,000","9,341"
2099,2116,20081006,"80,000","2,540"
2100,2117,20163020,"3,954,000","1,711"
2101,2118,20134601,"4,571,000","7,505"
2102,2119,20147616,"856,000","12,307"
2103,2120,19780103,,132
2104,2121,20080333,,184
2105,2122,20133142,"9,887,000","6,669"
2106,2123,20080158,,86
2107,2124,20147558,"1,984,000","11,022"
2108,2125,20141609,"5,082,000","7,180"
2109,2126,20136355,"6,272,000","9,858"
2110,2127,20148681,"4,578,000","5,145"
2111,2128,20147559,"5,024,000","10,382"
2112,2129,20141206,"3,438,000","6,186"
2113,2130,20149962,"13,994,500","9,208"
2114,2131,20147690,"1,370,000","6,770"
2115,2132,20149952,"3,465,000","9,526"
2116,2133,20147900,"9,472,000","8,731"
2117,2134,20149284,"3,503,000","4,926"
2118,2135,20148447,"11,327,000","9,438"
2119,2136,20149313,"20,808,200","8,754"
2120,2137,20148048,"203,522,400","3,590,029"
2121,2138,20148851,"126,507,000","4,195,807"
2122,2139,20152289,"3,051,000","5,008"
2123,2140,20148288,"154,000",245
2124,2141,20149314,"922,066,800","2,263,674"
2125,2142,20150025,"8,530,000","1,081,277"
2126,2143,20148846,"113,049,000","2,105,432"
2127,2144,20140110,"50,502,000","993,904"
2128,2145,20157881,"9,528,000","3,563,337"
2129,2146,20134798,"71,015,000","1,873,003"
2130,2147,20145503,"65,723,000","2,183,079"
2131,2148,20136068,"210,227,500","1,896,771"
2132,2149,20090075,"1,508,000","4,690"
2133,2150,20151225,"22,120,000","1,022,890"
2134,2151,20151383,"95,633,000","2,184,365"
2135,2152,20149570,"64,359,000","1,207,336"
2136,2153,20144741,"52,216,000","1,091,516"
2137,2154,20152022,"36,469,000","839,500"
2138,2155,20143580,"4,764,000","1,374,479"
2139,2156,20141384,"9,990,000","1,895,339"
2140,2157,20148845,"156,809,500","1,351,838"
2141,2158,20119769,,147
2142,2159,20148855,"50,059,000","1,595,084"
2143,2160,20155702,"26,192,000","1,603,683"
2144,2161,20149951,"108,040,500","983,549"
2145,2162,20156557,"209,551,500","1,439,262"
2146,2163,20145361,"16,578,000","1,310,042"
2147,2164,20149569,"105,452,000","1,122,618"
2148,2165,20136888,"93,249,100","1,192,642"
2149,2166,20143572,"261,802,000","924,463"
2150,2167,20141962,"36,185,500","746,863"
2151,2168,20144682,"27,997,000","1,068,952"
2152,2169,20148188,"95,962,000","834,162"
2153,2170,20157464,"164,123,000","977,631"
2154,2171,20145141,"248,857,400","409,149"
2155,2172,20145171,"154,411,000","870,751"
2156,2173,20122761,"2,104,000",391
2157,2174,20140703,"131,078,000","493,627"
2158,2175,20142855,"109,047,400","694,752"
2159,2176,20142402,"71,507,000","694,266"
2160,2177,20143541,"35,833,000","660,791"
2161,2178,20157465,"56,610,500","737,292"
2162,2179,20143513,"125,436,000","461,185"
2163,2180,20131262,"64,088,000","690,891"
2164,2181,20148461,"51,785,000","615,046"
2165,2182,20060344,"320,000","1,091"
2166,2183,20148844,"69,904,200","700,598"
2167,2184,20060025,"3,367,000","120,268"
2168,2185,20144683,"16,528,000","456,173"
2169,2186,20151481,"6,416,000","508,380"
2170,2187,20060224,"3,416,000","408,738"
2171,2188,20158241,"6,850,000","565,525"
2172,2189,20156748,"83,537,000","414,567"
2173,2190,20145504,"176,977,000","495,248"
2174,2191,20140193,"38,842,000","522,978"
2175,2192,20156402,"12,036,000","437,579"
2176,2193,20150501,"3,790,000","350,457"
2177,2194,20148841,"32,647,000","320,247"
2178,2195,20144322,"35,326,000","216,080"
2179,2196,20151964,"1,935,000","307,660"
2180,2197,20136063,"91,416,200","402,861"
2181,2199,20100981,"552,000","1,926"
2182,2200,20143511,"108,912,000","337,189"
2183,2201,20155275,,366
2184,2202,20130021,"51,439,000","394,400"
2185,2203,20130566,"71,418,000","317,648"
2186,2204,20157531,"16,318,000","354,682"
2187,2205,20050145,"1,190,000","406,413"
2188,2206,20156807,"19,770,000","185,830"
2189,2207,20148553,"32,284,000","319,644"
2190,2208,20136057,"115,121,000","268,255"
2191,2209,20147613,"255,012,100","302,902"
2192,2210,20163321,"3,436,500","4,782"
2193,2211,20150470,"8,525,000","13,159"
2194,2212,20155826,"44,229,000","323,629"
2195,2213,20143754,"21,261,000","203,398"
2196,2214,20151421,"33,122,000","276,347"
2197,2215,20149401,"9,396,000","218,018"
2198,2216,20157501,"11,285,000","237,722"
2199,2217,20151815,"17,804,000","180,038"
2200,2218,20140144,"53,494,000","264,848"
2201,2219,20149037,"10,719,000","293,131"
2202,2220,20144523,"101,294,000","235,622"
2203,2221,20155881,"25,026,000","140,874"
2204,2222,20157041,"13,358,000","228,725"
2205,2223,20100211,"9,197,000","194,167"
2206,2224,20144461,"19,584,000","243,013"
2207,2225,20156161,"136,673,400","226,062"
2208,2226,20159748,"5,182,000","239,182"
2209,2227,20143510,"58,594,000","240,411"
2210,2228,20149948,"2,608,000","238,849"
2211,2229,20141602,"43,642,400","186,043"
2212,2230,20155101,"13,202,000","186,481"
2213,2231,20142962,"8,016,000","193,924"
2214,2232,20144442,"34,696,000","554,996"
2215,2233,20157175,"26,183,300","126,746"
2216,2234,20158704,"3,302,000","175,506"
2217,2235,20149062,"19,185,000","182,810"
2218,2236,20153702,"3,280,000","186,474"
2219,2237,20144801,"13,710,000","156,077"
2220,2238,20144621,"5,728,000","124,430"
2221,2239,20155277,"28,535,500","156,680"
2222,2240,20150562,"25,219,000","162,788"
2223,2241,20163661,"31,449,000","647,192"
2224,2242,20155202,"2,432,000","175,320"
2225,2243,20153037,"1,359,000","4,808"
2226,2244,20150242,,4
2227,2245,20153201,"7,888,000","146,897"
2228,2246,20020168,,"159,426"
2229,2247,20150752,"44,429,000","147,413"
2230,2248,20156441,"8,048,000","91,691"
2231,2249,20140609,"15,171,000","45,862"
2232,2250,20158461,"3,592,000","55,435"
2233,2251,20147947,"32,825,000","132,958"
2234,2252,20136869,"27,259,000","124,999"
2235,2253,20151002,"56,292,200","77,231"
2236,2254,20133682,"47,809,000","97,690"
2237,2255,20155260,,170
2238,2256,20144102,"40,513,000","116,846"
2239,2257,20142856,"33,147,000","125,467"
2240,2258,20156970,"9,059,444","61,182"
2241,2259,20153039,"76,490,000","34,582"
2242,2260,20155874,"106,419,000","76,954"
2243,2261,20158481,"32,840,000","111,449"
2244,2262,20143253,"24,752,000","110,001"
2245,2263,20153470,"17,598,000","53,086"
2246,2264,20145042,"24,850,300","55,459"
2247,2265,20151521,"4,442,000","108,752"
2248,2266,20152745,"17,520,000","93,809"
2249,2267,20157904,"26,414,000","103,791"
2250,2268,20155690,"29,792,000","49,629"
2251,2269,20153083,"112,429,000","88,833"
2252,2270,20145501,"41,964,000","88,215"
2253,2271,20157883,"12,190,000","53,996"
2254,2272,20158428,"7,809,000","87,174"
2255,2273,20144021,,587
2256,2274,20142561,"4,848,000","87,080"
2257,2275,20158062,"48,838,000","73,797"
2258,2276,20145102,"7,002,000","87,590"
2259,2277,20153022,"9,320,000","64,645"
2260,2278,20152869,"11,419,000","79,294"
2261,2279,20145085,"81,166,000","78,962"
2262,2280,20144507,"17,183,000","67,216"
2263,2281,20145021,"7,845,500","25,597"
2264,2282,20152801,"13,698,000","4,973"
2265,2283,20145041,"60,815,000","74,535"
2266,2284,20151782,"20,087,700","34,897"
2267,2285,20145521,"2,387,000","67,459"
2268,2286,20145242,"17,987,000","71,759"
2269,2287,20150522,"26,362,800","36,915"
2270,2288,20141060,"27,648,000","74,617"
2271,2289,20144481,"45,011,000","78,548"
2272,2290,20156977,"2,046,000","71,044"
2273,2291,20030404,"39,565,000","31,007"
2274,2292,20156301,"6,168,000","62,800"
2275,2293,20157096,"864,000","50,785"
2276,2294,20158561,"14,321,000","58,617"
2277,2295,20158670,"13,154,000","40,971"
2278,2296,20156383,"3,024,000","42,129"
2279,2297,20154621,"894,000","58,197"
2280,2298,20156275,"87,599,000","59,495"
2281,2299,20156704,"14,824,000","50,357"
2282,2300,20153025,"31,114,000","47,398"
2283,2301,20145103,"31,924,500","49,393"
2284,2302,20150862,"7,162,500","22,290"
2285,2303,20156360,"2,591,000","27,745"
2286,2304,20158885,"6,777,000","46,501"
2287,2305,20156241,,"40,638"
2288,2306,20155601,"2,832,000","42,328"
2289,2307,20155639,"2,398,000","49,159"
2290,2308,20156102,"19,104,000","26,754"
2291,2309,20149961,"30,985,000","44,150"
2292,2310,20163045,"2,776,000","3,879"
2293,2311,20157197,"7,192,000","115,093"
2294,2312,20154162,"5,288,000","34,849"
2295,2313,20157121,"11,270,400","40,775"
2296,2314,20154729,"8,593,000","43,356"
2297,2315,20142884,"12,404,000","31,177"
2298,2316,20156570,"3,444,000","39,048"
2299,2317,20141085,"10,071,300","33,254"
2300,2318,20153282,"25,475,000","33,860"
2301,2319,20154732,,232
2302,2320,20156321,"24,068,000","39,831"
2303,2321,20145281,"25,925,000","33,310"
2304,2322,20159223,"1,802,000","38,169"
2305,2323,20158091,"8,048,000","18,585"
2306,2324,20144183,"12,054,000","35,708"
2307,2325,20060204,,"70,981"
2308,2326,20155562,"11,953,000","36,713"
2309,2327,20143045,"24,470,100","16,793"
2310,2328,20162568,"18,213,000","12,298"
2311,2329,20157782,"12,580,000","18,157"
2312,2330,20141598,"13,804,300","35,883"
2313,2331,20050184,"6,017,000","1,151"
2314,2332,20159221,"6,737,000","30,242"
2315,2333,20155646,"151,004,000","36,325"
2316,2334,20156904,"8,658,000","28,223"
2317,2335,20159573,"6,021,000","33,775"
2318,2336,20147803,"3,456,100","9,193"
2319,2337,20150255,"13,365,000","31,598"
2320,2338,20157394,"10,630,000","31,112"
2321,2339,20157021,"61,560,000","29,228"
2322,2340,20157587,"22,443,000","24,618"
2323,2341,20149264,"48,776,000","23,272"
2324,2342,20151623,"14,469,700","12,387"
2325,2343,20159001,"6,758,000","26,529"
2326,2344,20151821,"14,743,600","15,259"
2327,2345,20157001,"9,886,000","24,403"
2328,2346,20144121,"17,505,100","17,219"
2329,2347,20158703,"8,345,000","21,255"
2330,2348,20157584,"10,856,000","21,780"
2331,2349,20151482,"6,231,200","10,691"
2332,2350,20152372,"18,782,000","19,851"
2333,2351,20159655,"1,232,000","19,010"
2334,2352,20134609,"1,296,000","1,978"
2335,2353,20155022,"11,071,400","19,038"
2336,2354,20143942,"7,323,500","15,873"
2337,2355,20159442,"6,048,000","18,973"
2338,2356,20159063,"17,804,100","12,612"
2339,2357,20157702,"30,372,000","16,723"
2340,2358,20151202,"7,225,000","9,315"
2341,2359,20155602,"3,873,000","13,049"
2342,2360,20156967,"5,004,000","2,159"
2343,2361,20145402,"37,662,000","16,261"
2344,2362,20050265,,"26,500"
2345,2363,20156101,"12,141,500","8,950"
2346,2364,20151302,"14,628,000","16,417"
2347,2365,20060222,"20,561,000","267,870"
2348,2366,20159161,"13,816,000","13,961"
2349,2367,20134064,,134
2350,2368,20152121,"8,705,000","16,629"
2351,2369,20133681,"3,112,000","17,342"
2352,2370,20144323,"34,615,000","16,636"
2353,2371,20143502,"14,312,000","15,424"
2354,2372,20153521,"15,580,600","9,468"
2355,2373,20153522,"3,998,000","13,065"
2356,2374,20156047,"5,318,000","4,979"
2357,2375,20080846,,542
2358,2376,20150061,"16,027,700","9,904"
2359,2377,20158951,,"1,653"
2360,2378,20090429,"2,368,000","2,302"
2361,2379,20140207,"2,265,000","11,896"
2362,2380,20140190,"24,983,000","11,591"
2363,2381,20158484,"6,736,000","13,301"
2364,2382,20159521,"1,208,000","7,647"
2365,2383,20157421,"4,276,000","13,101"
2366,2384,20130061,"670,000",785
2367,2385,20159582,"2,765,000","9,607"
2368,2386,20158981,"2,637,500","9,853"
2369,2387,20155725,"5,888,000","13,661"
2370,2388,20150661,"7,768,500","8,635"
2371,2389,19900118,,"14,130"
2372,2390,20150963,"3,456,000","9,601"
2373,2391,20141702,"13,391,800","5,746"
2374,2392,20159901,"10,363,000","8,712"
2375,2393,20157223,"10,070,000","11,256"
2376,2394,20144642,"5,675,000","7,512"
2377,2395,20156824,"4,599,000","6,336"
2378,2396,20150563,"8,802,000","12,432"
2379,2397,20144927,"3,282,000","12,115"
2380,2398,20155057,"3,552,000","11,474"
2381,2399,20100114,,91
2382,2400,20133667,"39,453,000","6,362"
2383,2401,20010096,,"4,115"
2384,2402,20154734,"2,605,000","2,819"
2385,2403,20149298,"15,473,000","10,507"
2386,2404,19870114,,"12,025"
2387,2405,20147130,"4,136,000","11,595"
2388,2406,20143922,"8,825,000","5,073"
2389,2407,20157986,"2,934,000","11,513"
2390,2408,20150841,,"7,787"
2391,2409,20153982,"10,619,000","6,235"
2392,2410,20151962,"4,792,000","4,824"
2393,2411,20144522,"15,731,000","7,505"
2394,2412,20159101,"10,298,000","9,375"
2395,2413,20154207,,"7,422"
2396,2414,20143941,"7,549,000","5,344"
2397,2415,20153422,"3,156,000","10,438"
2398,2416,20154323,,"8,525"
2399,2417,20158518,"4,043,000","4,593"
2400,2418,20143983,"16,940,000","11,562"
2401,2419,20142241,"1,078,000","5,337"
2402,2420,20158881,"5,129,974","1,335"
2403,2421,20142282,"7,553,600","4,899"
2404,2422,20151901,"7,268,000","4,482"
2405,2423,20156643,"10,824,000","7,966"
2406,2424,20133531,"10,581,500","2,560"
2407,2425,20152962,"281,000","4,927"
2408,2426,20145507,"106,528,000","5,468,971"
2409,2427,20159364,"15,069,000","4,446,316"
2410,2428,20140194,"1,392,943,500","3,024,029"
2411,2429,20155501,"88,483,000","561,204"
2412,2430,20144444,"96,897,200","2,367,272"
2413,2431,20161364,"83,778,000","1,797,029"
2414,2432,20153781,"1,607,478,900","1,965,309"
2415,2433,20150523,"53,716,000","1,841,969"
2416,2434,20162967,"71,624,000","1,030,510"
2417,2436,20154001,"20,836,000","1,056,849"
2418,2437,20150972,"264,500,600","1,150,962"
2419,2438,20150782,"35,639,000","1,121,931"
2420,2439,20142406,"75,373,500","908,997"
2421,2440,20159644,"104,223,000","1,247,055"
2422,2441,20155422,"10,462,000","696,117"
2423,2442,20157042,,"993,239"
2424,2443,20159645,"266,521,000","726,447"
2425,2444,20159058,"23,885,000","1,136,683"
2426,2445,20142621,"96,664,500","625,147"
2427,2446,20158482,"36,388,000","324,620"
2428,2447,20158150,"28,890,000","821,589"
2429,2448,20158483,"211,116,000","696,693"
2430,2449,20152782,"29,655,000","585,311"
2431,2450,20163215,"44,404,000","347,100"
2432,2451,20159162,"25,882,000","610,123"
2433,2452,20150977,"94,250,000","574,058"
2434,2453,20151884,"5,092,000","394,944"
2435,2454,20156207,"14,542,000","281,962"
2436,2455,20150203,"2,552,496,500","3,214"
2437,2456,20068576,"61,229,000","475,327"
2438,2457,20154906,"43,846,000","598,482"
2439,2458,20080691,,215
2440,2459,20158845,,130
2441,2460,20145396,"29,486,000","392,489"
2442,2461,20163018,"78,406,000","238,999"
2443,2462,20145506,"61,525,000","286,045"
2444,2463,20156559,"118,655,000","287,918"
2445,2464,20157466,"302,522,100","335,048"
2446,2465,20159199,"11,330,000","251,483"
2447,2466,20158984,"3,984,000","334,651"
2448,2467,20142641,"65,074,000","385,718"
2449,2468,20163137,"34,595,700","85,864"
2450,2469,20150942,"39,873,000","127,229"
2451,2470,20150565,"33,379,700","150,278"
2452,2471,20157158,"79,427,000","237,193"
2453,2472,20153087,"12,272,000","243,316"
2454,2473,20162704,"10,323,000","218,615"
2455,2474,20151021,"206,212,800","223,805"
2456,2475,20050077,"26,897,500","641,670"
2457,2476,20161964,"118,408,200","186,907"
2458,2477,20150024,"15,586,000","125,446"
2459,2478,20159643,"72,917,800","138,001"
2460,2479,20161881,"5,788,000","50,624"
2461,2480,20060257,"325,187,300","1,064,456"
2462,2481,20150181,,2
2463,2482,20158529,"37,888,200","136,088"
2464,2483,20156553,"16,318,500","48,056"
2465,2484,20162300,"24,160,000","152,076"
2466,2485,20150902,"31,965,000","148,757"
2467,2486,20162161,"3,486,000","129,272"
2468,2487,20161630,"9,611,000","124,249"
2469,2488,20150725,"6,192,000","111,710"
2470,2489,20161745,"1,043,000","129,584"
2471,2490,20155020,"18,271,500","69,890"
2472,2491,19990140,,"124,259"
2473,2492,20159510,"7,880,000","90,079"
2474,2493,20159657,"18,293,000","85,463"
2475,2494,20162542,"4,868,000","92,540"
2476,2495,20162381,"7,824,000","25,359"
2477,2496,20163202,"28,684,000","89,654"
2478,2497,20162569,"65,847,500","57,158"
2479,2498,20163164,"40,318,900","36,454"
2480,2499,20156063,"83,061,000","69,610"
2481,2500,20090421,,"5,003"
2482,2501,20158882,"18,040,000","29,941"
2483,2502,20157588,"8,442,000","7,098"
2484,2503,20162461,"6,950,000","76,967"
2485,2504,20161968,"16,815,000","74,592"
2486,2505,20150903,"27,345,000","58,891"
2487,2506,20161382,"38,104,000","23,485"
2488,2507,20161870,"50,389,000","44,604"
2489,2508,20161561,"2,154,000","50,659"
2490,2509,20162925,"8,943,000","53,313"
2491,2510,20162431,"26,096,000","29,879"
2492,2511,20150456,"18,604,300","52,135"
2493,2512,20152370,"16,762,000","52,964"
2494,2513,19960126,,"53,179"
2495,2514,20162206,"9,092,500","16,382"
2496,2515,20154521,"7,705,000","20,538"
2497,2516,20162001,"1,423,000","45,763"
2498,2517,20165042,"31,747,900","33,635"
2499,2518,20161594,"46,411,700","36,337"
2500,2519,20162321,"11,294,000","46,346"
2501,2520,20163182,"19,228,000","44,409"
2502,2521,20070458,,"46,274"
2503,2522,20161583,"864,000","39,990"
2504,2523,20162245,"116,301,900","40,328"
2505,2524,20163962,"5,422,000","40,393"
2506,2525,20163322,,"13,346"
2507,2526,20161905,"14,279,000","35,130"
2508,2527,20145182,"24,838,000","19,272"
2509,2528,19818004,"29,471,000","19,317"
2510,2529,20161921,"14,933,900","28,381"
2511,2530,20161842,"7,604,000","12,906"
2512,2531,20153450,"9,130,600","10,202"
2513,2532,20060244,"246,281,400","1,070,522"
2514,2533,20123500,"3,372,000",954
2515,2534,20142142,"8,326,700","5,475"
2516,2535,20163411,"3,093,000","12,205"
2517,2536,20162063,"6,708,900","18,897"
2518,2537,20165041,"1,624,000","24,033"
2519,2538,20158888,"13,691,500","12,874"
2520,2539,20161941,"6,192,000","11,727"
2521,2540,20161722,"12,322,000","20,376"
2522,2541,20070560,"608,500",297
2523,2542,20165141,"6,405,000","15,489"
2524,2543,20159445,"18,933,600","18,896"
2525,2544,20144441,"13,700,300","19,722"
2526,2545,20161461,,"13,350"
2527,2546,20030010,,"18,736"
2528,2547,20040455,"281,776,500","54,307"
2529,2548,20158905,"8,541,000","17,498"
2530,2549,20040703,"627,000","8,961"
2531,2550,20163081,"11,110,000","9,484"
2532,2551,20158982,"14,561,000",107
2533,2552,20154201,,110
2534,2553,20164747,"3,964,000","13,384"
2535,2554,19590006,,"32,355"
2536,2555,20152541,"13,967,000","15,713"
2537,2556,20154902,"13,335,000","9,631"
2538,2557,20156083,"19,413,600","10,831"
2539,2558,20156080,"1,575,000","12,435"
2540,2559,20161598,"12,663,000","8,598"
2541,2560,20164387,"1,316,000","8,858"
2542,2561,20159965,"4,073,501","6,876"
2543,2562,20155174,"64,750,000","11,511"
2544,2563,20153182,"5,786,000","11,077"
2545,2564,20157441,"8,023,000","9,963"
2546,2565,20163441,,"11,009"
2547,2566,20162101,"26,784,000","10,135"
