,movieCd,director_score,company_score,actor_score
0,20030371,1.3333333333333333,2.0,5.166666666666667
1,20110295,1.3333333333333333,1.0,3.166666666666667
2,20140703,1.3333333333333333,1.0,3.0
3,20040555,1.0,2.0,3.5
4,20040673,1.3333333333333333,1.0192307692307692,3.916666666666667
5,20100296,1.3333333333333333,1.1666666666666667,3.833333333333334
6,20100167,1.3333333333333333,1.0,3.0
7,20040649,1.0,1.1,3.0
8,20070421,1.0,1.0,4.142857142857142
9,20090895,1.0,1.0,3.0
10,20112552,1.0,1.0,3.2
11,20141060,1.0,1.0,3.0
12,20159748,1.75,1.0909090909090908,3.0
13,20040745,1.75,1.0909090909090908,4.0
14,20070264,1.75,1.0,3.0
15,20112207,1.75,1.3846153846153846,0.0
16,20148807,1.6666666666666667,1.2153846153846153,5.25
17,20050113,1.6666666666666667,1.3333333333333333,4.6
18,20080047,1.6666666666666667,1.1785714285714286,3.0
19,20040628,1.0,1.0,4.0
20,20123381,1.0,1.1,3.0
21,20040598,1.0,1.0,5.022222222222222
22,20040566,1.0,1.5,3.0
23,20119972,1.0,1.0476190476190477,3.0
24,20030410,1.6666666666666667,1.1,4.285714285714286
25,20040786,1.6666666666666667,1.1,5.107142857142857
26,20060147,1.6666666666666667,1.5,4.904761904761904
27,20080736,1.6666666666666667,1.5,5.014285714285714
28,20100209,1.6666666666666667,1.1,3.6726190476190474
29,20125333,1.6666666666666667,1.1,5.016666666666667
30,20135661,1.6666666666666667,1.2916666666666667,5.333333333333334
31,20090683,1.6666666666666667,1.0,3.0
32,20126077,1.6666666666666667,1.1458333333333333,5.333333333333334
33,20040491,1.25,1.0,0.0
34,20070056,1.25,1.1428571428571428,0.0
35,20090288,1.25,1.0,0.0
36,20122625,1.25,1.2916666666666667,3.0
37,20040596,1.0,1.0,3.0
38,20070641,1.0,1.0,3.166666666666667
39,20100329,1.0,1.0,3.0
40,20040721,1.0,1.2692307692307692,0.0
41,20070071,1.0,1.0526315789473684,0.0
42,20040568,1.0,1.0,4.333333333333334
43,20070291,1.0,1.0,3.0
44,20090236,1.0,1.0,0.0
45,20142621,1.0,1.1481481481481481,3.7
46,20040576,1.0,1.0192307692307692,3.333333333333333
47,20060015,1.0,1.0,3.25
48,20080663,1.0,1.0,3.0
49,20100210,1.0,1.0,3.333333333333333
50,20134585,1.0,1.0,3.333333333333333
51,20150972,1.0,1.0,3.0
52,20060123,1.0,1.0,3.142857142857143
53,19820019,1.0,1.0,0.0
54,20141001,1.0,1.0,3.0
55,20040617,1.0,1.0,3.0
56,20113887,1.0,1.0,3.5
57,20040597,1.0,1.1785714285714286,0.0
58,20090206,1.0,1.0277777777777777,3.0
59,20159162,1.0,1.1,3.090909090909091
60,20040641,1.0,1.0,3.333333333333333
61,20050256,1.0,1.0,3.0
62,20159645,1.0,1.0,3.428571428571429
63,20040613,1.0,1.0,3.666666666666667
64,20072148,1.0,1.0,3.0
65,20070023,1.0,1.0,3.0
66,20060068,1.0,1.0192307692307692,3.0
67,20101113,1.0,1.0,4.0
68,20040743,1.0,1.0,3.0
69,20040481,1.0,1.0,3.0
70,20040793,1.0,1.0,3.0
71,20100277,1.0,1.0,3.0
72,20040631,1.3333333333333333,1.0909090909090908,0.0
73,20050137,1.3333333333333333,1.5,5.25
74,20060016,1.3333333333333333,1.0384615384615385,3.0
75,20070675,1.3333333333333333,1.0909090909090908,0.0
76,20112542,1.3333333333333333,1.0543478260869565,3.0
77,20152871,1.3333333333333333,1.161764705882353,3.1
78,20040756,1.25,1.5,0.0
79,20040549,1.25,1.5,3.0
80,20070602,1.25,1.0,0.0
81,20081686,1.25,1.0476190476190477,0.0
82,20040700,1.0,1.0,3.0
83,20040682,1.0,1.0192307692307692,3.7142857142857144
84,20060244,1.0,1.0,3.333333333333333
85,20100833,1.0,1.0,3.0
86,20120426,1.0,1.0,3.125
87,20040487,3.4,1.0192307692307692,4.090909090909091
88,20060277,3.4,2.0,7.333333333333334
89,20090077,3.4,1.875,5.333333333333333
90,20124034,3.4,5.0,8.59090909090909
91,20148851,3.4,5.0,8.333333333333334
92,20040580,1.3333333333333333,1.0384615384615385,3.0
93,20090427,1.3333333333333333,1.3846153846153846,4.642857142857142
94,20149409,1.3333333333333333,1.0,0.0
95,20040695,1.0,1.0,0.0
96,20040657,1.0,1.0,3.0
97,20070084,1.0,1.0192307692307692,3.333333333333334
98,20124080,1.0,1.0,3.0
99,20040525,1.0,1.0,3.0
100,20040488,1.6,1.0192307692307692,3.333333333333333
101,20050049,1.6,1.0,3.4000000000000004
102,20060134,1.6,2.0,3.0
103,20100213,1.6,2.0,6.6
104,20124083,1.6,2.0,6.5
105,20040573,1.0,1.3333333333333333,3.0
106,20070113,1.0,1.3846153846153846,0.0
107,20137963,1.0,1.0,3.090909090909091
108,20153083,1.0,1.0,3.0
109,20145041,1.0,1.0736842105263158,3.0
110,20040585,1.0,1.0,3.333333333333333
111,20126090,1.0,1.0,3.5
112,20040483,1.0,1.4166666666666667,4.142857142857142
113,20147930,1.0,1.5,3.0
114,20040583,1.125,1.5,3.8
115,20050178,1.125,1.0,3.166666666666667
116,20060292,1.125,1.5,3.4642857142857144
117,20090605,1.125,1.5,5.5
118,20100813,1.125,1.5,3.333333333333333
119,20119717,1.125,1.5,3.333333333333333
120,20148842,1.125,1.5,3.2
121,20136062,1.125,1.0,3.166666666666667
122,20040595,1.0,1.5,4.142857142857142
123,20100835,1.0,1.0,3.333333333333333
124,20124070,1.0,1.0,3.5
125,20040612,1.0,1.5,3.333333333333334
126,20119720,1.0,1.0,3.0
127,20040717,1.0,1.0526315789473684,0.0
128,20040619,1.0,1.0192307692307692,3.2
129,20080142,1.0,1.75,3.142857142857143
130,20080830,1.5,1.0736842105263158,0.0
131,20050259,1.5,1.0,0.0
132,20100018,1.5,1.2692307692307692,4.0
133,20138881,1.5,1.0543478260869565,3.7357142857142858
134,20149511,1.0,1.0,3.0
135,20040593,1.0,1.0,3.0
136,20060160,1.0,2.5,3.0
137,20030433,1.2,1.0192307692307692,3.25
138,20060137,1.2,1.0192307692307692,3.5
139,20081716,1.2,1.4285714285714286,5.5
140,20110249,1.2,1.4285714285714286,4.666666666666666
141,20136888,1.2,1.0,3.0
142,20040655,1.0,1.1538461538461537,3.75
143,20060219,1.0,1.0384615384615385,3.0
144,20090426,1.0,1.0384615384615385,0.0
145,20040567,1.0,1.0,5.0
146,20040659,1.0,1.5,3.0
147,20060407,1.0,1.0,3.0
148,20040624,1.0,1.1666666666666667,3.5
149,20040651,1.0,1.0,3.2
150,20080890,1.0,1.0,3.0
151,20040642,1.0,1.0476190476190477,0.0
152,20040515,1.0,1.0,3.267857142857143
153,20050276,1.0,1.0,3.0
154,20130021,1.0,1.2,4.2
155,20145506,1.0,1.0,3.0
156,20030413,1.6666666666666667,1.5,3.0
157,20070209,1.6666666666666667,1.5,4.571428571428571
158,20119513,1.6666666666666667,2.857142857142857,3.166666666666667
159,20040734,1.0,1.0526315789473684,0.0
160,20090469,1.0,1.2153846153846153,3.0
161,20090029,1.0,1.0192307692307692,3.0
162,20142023,1.0,1.161764705882353,3.2
163,20030316,1.5,1.0909090909090908,3.0
164,20050324,1.5,1.0384615384615385,5.4
165,20090865,1.5,1.0,3.333333333333333
166,20125048,1.5,1.2153846153846153,5.5
167,20134267,1.5,1.2153846153846153,4.0
168,20140226,1.5,1.2153846153846153,5.5
169,20040650,1.0,1.0,0.0
170,20060215,1.0,1.0,0.0
171,20080829,1.0,1.161764705882353,3.0
172,20100767,1.0,1.3846153846153846,3.0
173,20155639,1.0,1.0736842105263158,3.0
174,20040498,2.0,1.0,3.0
175,20060214,2.0,1.0192307692307692,3.2
176,20112082,2.0,1.0,3.7142857142857144
177,20127593,2.0,1.8,12.25
178,20040615,1.0,1.0384615384615385,3.083333333333333
179,20040579,1.0,1.0,0.0
180,20060233,1.0,1.0384615384615385,0.0
181,20070422,1.0,1.0384615384615385,0.0
182,20090948,1.0,1.0384615384615385,0.0
183,20132821,1.0,1.2916666666666667,0.0
184,20040696,1.0,1.1666666666666667,0.0
185,20040625,1.0,1.0,3.0
186,20040656,1.0,1.0,3.0
187,20040670,1.0,1.0,0.0
188,20090287,1.0,1.1458333333333333,0.0
189,20101070,1.0,1.1785714285714286,0.0
190,20030430,1.0,1.2153846153846153,0.0
191,20060413,1.0,1.2153846153846153,3.25
192,20081790,1.0,1.0,3.125
193,20159445,1.0,1.0416666666666667,3.333333333333333
194,20040446,1.0,1.0,3.333333333333333
195,20126089,1.0,1.0,3.666666666666667
196,20030435,1.0,1.0,3.0
197,20119486,1.0,1.0,3.0
198,20128707,1.0,1.0,3.0
199,20122786,1.0,1.0,3.0
200,20155826,1.0,1.0,3.0
201,20040618,1.0,1.0,3.125
202,20132824,1.0,1.0,3.125
203,20119137,1.0,1.0,0.0
204,20090062,1.0,1.0,3.0
205,20122803,1.0,1.0,3.0
206,20060194,1.0,1.1785714285714286,0.0
207,20070562,1.0,1.1785714285714286,3.0
208,20111034,1.0,1.0736842105263158,3.0
209,20040616,1.0,1.1785714285714286,3.0
210,20040706,1.0,1.0,3.2
211,20060262,1.0,1.3846153846153846,0.0
212,20090950,1.0,1.0,4.071428571428571
213,20120127,1.0,1.0736842105263158,3.0
214,20150977,1.0,1.0,3.0
215,20070548,1.0,1.0,3.0
216,20153182,1.0,1.0,3.0
217,20148686,1.0,1.0,3.0
218,20060164,1.0,1.0909090909090908,3.0
219,20050072,1.0,1.0,3.0
220,20040482,1.0,1.0,3.0
221,20040484,1.0,1.0,3.0
222,20070099,1.0,1.0,3.333333333333333
223,20116037,1.0,1.0,3.0
224,20133682,1.0,1.3333333333333333,3.142857142857143
225,20040614,1.2857142857142858,1.0,3.0
226,20050219,1.2857142857142858,1.1666666666666667,4.476190476190476
227,20060257,1.2857142857142858,1.1666666666666667,4.083333333333333
228,20080011,1.2857142857142858,1.0,3.0
229,20090815,1.2857142857142858,1.0,3.0
230,20110612,1.2857142857142858,1.0,3.0
231,20128687,1.2857142857142858,1.1666666666666667,3.25
232,20040748,1.0,1.0,0.0
233,20070521,1.0,1.0,0.0
234,20123603,1.0,1.3846153846153846,3.0
235,20155101,1.0,1.0736842105263158,3.0
236,20040715,1.0,1.0,0.0
237,20040559,1.0,1.0,3.0
238,20040669,1.0,1.0,0.0
239,20040526,1.0,1.0,0.0
240,20080836,1.0,1.2153846153846153,0.0
241,20040471,1.0,1.0,3.2
242,20060353,1.0,1.0,3.0
243,20090562,1.0,1.0,3.0
244,20090875,1.0,1.0,3.0
245,20080010,1.0,1.1785714285714286,0.0
246,20040648,1.0,1.0,3.0
247,20081393,1.0,1.0736842105263158,3.0
248,20100811,1.0,1.0,0.0
249,20112651,1.0,1.0543478260869565,3.5
250,20127401,1.0,1.1458333333333333,3.0
251,20134028,1.0,1.0543478260869565,3.0
252,20040637,1.3333333333333333,1.1666666666666667,3.0
253,20030350,1.3333333333333333,1.0,3.8666666666666667
254,20050148,1.3333333333333333,1.8,6.0
255,20060356,1.3333333333333333,1.8,3.8666666666666667
256,20081003,1.3333333333333333,1.8,4.666666666666666
257,20144444,1.3333333333333333,2.0,6.666666666666666
258,20040610,1.0,1.0,3.0
259,20080329,1.0,1.0,0.0
260,20040676,1.0,1.0,3.0
261,20070686,1.0,1.0,0.0
262,20040752,1.0,1.0,3.0
263,20040569,1.0,1.0,0.0
264,20070092,1.0,1.0,0.0
265,20040570,1.0,1.0,0.0
266,20112208,1.0,1.0,3.0
267,20030420,1.0,1.0,3.5
268,20060291,1.0,1.0,3.0
269,20040442,1.0,1.1458333333333333,3.0
270,20090090,1.0,1.0,3.0
271,20040467,1.25,1.2153846153846153,0.0
272,20060348,1.25,1.0,0.0
273,20090894,1.25,1.0384615384615385,3.0
274,20152022,1.25,1.2153846153846153,5.166666666666667
275,20040556,1.0,1.0,0.0
276,20070355,1.0,1.4166666666666667,0.0
277,20126306,1.0,1.2916666666666667,3.25
278,20090578,1.0,1.0,3.333333333333333
279,20159510,1.0,1.0,3.0
280,20070549,1.0,1.3333333333333333,3.0
281,20040755,1.0,1.0,0.0
282,20100381,1.0,1.1458333333333333,0.0
283,20147683,1.0,1.0,3.0
284,20040443,1.25,1.0909090909090908,3.0
285,20100979,1.25,1.0,3.166666666666667
286,20080914,1.25,1.0476190476190477,3.0
287,20090015,1.25,1.0476190476190477,4.833333333333333
288,20040685,1.0,2.111111111111111,0.0
289,20040690,1.0,1.0,3.333333333333333
290,20080145,1.0,1.0476190476190477,0.0
291,20040456,1.3333333333333333,1.0,3.666666666666667
292,20060357,1.3333333333333333,1.0476190476190477,3.0
293,20124935,1.3333333333333333,2.0,4.333333333333333
294,20040489,1.0,1.0,3.0
295,20050106,1.0,1.0,3.333333333333333
296,20060247,1.0,1.1666666666666667,3.0
297,20090261,1.0,1.0,3.5
298,20100787,1.0,1.0,3.166666666666667
299,20110254,1.0,1.0,3.333333333333333
300,20124350,1.0,1.0,3.25
301,20137041,1.0,1.0,4.166666666666667
302,20121741,1.0,1.0,3.166666666666667
303,20148840,1.0,1.0,3.0
304,20151782,1.0,1.0,3.2142857142857144
305,20040623,1.0,1.0,0.0
306,20081332,1.0,1.0736842105263158,0.0
307,20060347,1.0,1.0,3.0
308,20040553,1.1428571428571428,1.0384615384615385,3.0
309,20070033,1.1428571428571428,1.2692307692307692,0.0
310,20090043,1.1428571428571428,1.3846153846153846,3.0
311,20101006,1.1428571428571428,1.2692307692307692,3.0
312,20119854,1.1428571428571428,1.2153846153846153,3.0
313,20152781,1.1428571428571428,1.2153846153846153,3.0
314,20137961,1.1428571428571428,1.2153846153846153,3.0
315,20040689,1.0,1.0,0.0
316,20040447,1.0,1.0,3.4
317,20134562,1.0,1.0,3.0
318,20149910,1.0,1.0736842105263158,3.0
319,20040738,1.0,1.0,3.0
320,20158981,1.0,1.1481481481481481,0.0
321,20040704,1.0,1.0,0.0
322,20040499,1.0,1.0909090909090908,0.0
323,20040716,1.0,1.0,3.0
324,20040581,1.0,1.3846153846153846,0.0
325,20050319,1.0,1.1538461538461537,0.0
326,20080038,1.0,1.0909090909090908,0.0
327,20040672,1.0,1.0,3.0
328,20124050,1.0,1.0,3.966666666666667
329,20040591,1.0,1.0526315789473684,3.0
330,20112132,1.0,1.0,3.0
331,20040496,1.0,1.5,3.0
332,20071675,1.0,1.0,3.0
333,20040711,1.0,1.0,0.0
334,20040731,1.0,1.0,0.0
335,20147609,1.0,1.0277777777777777,0.0
336,20040462,1.0,1.0,3.0
337,20050225,1.0,1.0,0.0
338,20080009,1.0,1.2153846153846153,0.0
339,20040688,1.0,1.0,3.0
340,20080887,1.0,1.0,3.0
341,20124934,1.0,1.0,3.0
342,20139461,1.0,1.0,3.333333333333333
343,20148447,1.0,1.0,3.0
344,20040723,1.0,1.0,0.0
345,20040680,1.0,1.0,0.0
346,20112314,1.0,1.0,0.0
347,20144801,1.0,1.161764705882353,3.0
348,20154001,1.0,1.161764705882353,0.0
349,20040608,1.0,1.0,3.666666666666667
350,20112589,1.0,1.0,3.0
351,20110183,1.0,1.0,3.0
352,20136810,1.3333333333333333,1.0,3.333333333333333
353,20030404,1.3333333333333333,1.0,3.0
354,20135428,1.3333333333333333,1.0736842105263158,4.083333333333333
355,20040663,1.0,1.0,3.0
356,20154242,1.0,1.0736842105263158,3.0
357,20155441,1.0,1.0,3.0
358,20040441,1.0,1.0,3.0
359,20040455,1.0,1.0,3.0
360,20050350,1.0,1.0,5.333333333333334
361,20060043,1.0,1.0,0.0
362,20070100,1.0,1.0476190476190477,0.0
363,20090092,1.0,1.0543478260869565,0.0
364,20110660,1.0,1.0192307692307692,3.0
365,20149307,1.0,1.0,3.0
366,20040461,1.0,1.1458333333333333,3.0
367,20040766,1.0,1.0,3.0
368,20040582,1.0,1.3846153846153846,0.0
369,20040472,1.0,1.0,3.8
370,20040654,1.0,1.0,0.0
371,20070025,1.0,1.0,0.0
372,20040750,1.0,1.0,3.0
373,20040486,1.0,1.0,4.1
374,20113391,1.0,1.0,3.0
375,20040600,1.0,1.0526315789473684,0.0
376,20060050,1.0,1.0,0.0
377,20040694,1.0,1.1458333333333333,0.0
378,20060375,1.0,1.3846153846153846,0.0
379,20090088,1.0,1.161764705882353,0.0
380,20100975,1.0,1.0,3.125
381,20040586,1.0,1.3333333333333333,3.0
382,20040739,1.0,1.0,3.0
383,20040565,1.0,1.0,3.0
384,20030434,1.0,1.0,5.0
385,20138222,1.0,1.0,3.0
386,20040703,1.0,1.0,0.0
387,20060006,1.0,1.0,0.0
388,20070179,1.0,1.0,3.0
389,20081392,1.0,1.0909090909090908,3.0
390,20100102,1.0,1.0909090909090908,3.0
391,20040524,1.0,1.0,3.2
392,20070294,1.0,1.1538461538461537,0.0
393,20081366,1.0,1.0909090909090908,3.571428571428571
394,20119420,1.0,1.1458333333333333,0.0
395,20040522,1.0,1.0,3.0
396,20040509,1.3333333333333333,1.0,3.166666666666667
397,20050310,1.3333333333333333,1.2692307692307692,5.022222222222222
398,20100193,1.3333333333333333,1.0909090909090908,4.0
399,20113920,1.0,1.0543478260869565,3.0
400,20040476,1.0,1.0,3.375
401,20070175,1.0,1.1428571428571428,0.0
402,20040607,1.0,1.1,3.0
403,20030426,1.0,1.0909090909090908,0.0
404,20030439,1.0,1.0,3.333333333333333
405,20040519,1.0,1.0,3.0
406,20090929,1.0,1.0384615384615385,3.0
407,20111113,1.0,1.1481481481481481,4.0
408,20040732,1.0,1.2692307692307692,0.0
409,20070465,1.0,1.0,0.0
410,20040746,1.0,1.5,3.0
411,20113311,1.0,1.161764705882353,3.0
412,20100333,1.0,1.4285714285714286,3.0
413,20040533,1.0,1.0,3.0
414,20040588,1.0,1.0,0.0
415,20060418,1.0,1.0,0.0
416,20080071,1.0,1.0,3.0
417,20090171,1.0,1.0,3.2
418,20133585,1.0,1.0,3.0
419,20040521,1.0,1.0,0.0
420,20030440,1.0,1.0,3.0
421,20040528,1.0,1.0,4.0
422,20081334,1.0,1.161764705882353,3.125
423,20100330,1.0,1.0,3.7
424,20040448,1.0,1.3846153846153846,3.090909090909091
425,20060089,1.0,1.0,0.0
426,20040730,1.0,1.0,3.0
427,20080395,1.0,1.0,0.0
428,20090529,1.0,1.0192307692307692,3.0
429,20112973,1.0,1.0,0.0
430,20040584,1.0,1.0,0.0
431,20040647,1.0,1.0,3.5
432,20040666,1.0,1.0,0.0
433,20090588,1.0,1.0736842105263158,3.0
434,20040543,1.0,1.0,0.0
435,20136761,1.0,1.2916666666666667,3.0
436,20111540,1.0,1.1458333333333333,0.0
437,20040532,1.0,1.0,0.0
438,20040513,1.0,1.5,4.0
439,20040479,1.0,1.0,3.75
440,20040464,1.0,1.0,3.0
441,20060013,1.0,1.0,0.0
442,20139121,1.0,1.0,3.0
443,20030436,1.0,1.1458333333333333,0.0
444,20040712,1.0,1.0,0.0
445,20040544,1.0,1.0,0.0
446,20101132,1.0,1.2692307692307692,4.222222222222222
447,20111692,1.0,1.2153846153846153,3.0
448,20060007,1.0,1.1785714285714286,3.0
449,20050126,1.0,1.0909090909090908,0.0
450,20070635,1.0,1.0526315789473684,3.0
451,20090017,1.0,1.1458333333333333,0.0
452,20127086,1.0,1.2153846153846153,3.75
453,20040460,1.4,1.1785714285714286,3.0
454,20060319,1.4,1.1785714285714286,0.0
455,20090282,1.4,1.161764705882353,3.125
456,20112173,1.4,1.1458333333333333,0.0
457,20143541,1.4,1.161764705882353,3.625
458,20040677,1.0,1.0,0.0
459,20060104,1.0,1.2692307692307692,3.25
460,20070010,1.0,1.0,3.0
461,20159582,1.0,1.0,0.0
462,20135365,1.0,1.0,0.0
463,20030206,1.0,1.0,3.0
464,20040465,1.0,1.0,0.0
465,20081518,1.0,1.0476190476190477,0.0
466,20040761,1.0,1.0,0.0
467,20040480,1.0,1.0,3.0
468,20145502,1.0,1.1666666666666667,3.3428571428571425
469,20040751,1.0,1.0,3.333333333333333
470,20050282,1.0,1.0,3.0
471,20081002,1.0,1.0,3.742857142857143
472,20119507,1.0,1.1666666666666667,4.25
473,20050180,3.0,1.5,5.216666666666667
474,20040785,1.3333333333333333,1.3333333333333333,5.0
475,20070042,1.3333333333333333,1.0,3.0
476,20071067,1.3333333333333333,1.0909090909090908,3.428571428571429
477,20081718,1.0,1.0,3.166666666666667
478,20122785,1.0,1.0,3.0
479,20131262,1.0,1.3333333333333333,6.333333333333334
480,20050326,1.6,1.0909090909090908,7.0
481,20080968,1.6,1.1666666666666667,3.333333333333333
482,20110303,1.6,1.0,3.166666666666667
483,20137044,1.6,2.0,5.5
484,20148855,1.6,2.0,4.590909090909091
485,20050239,1.5,1.1666666666666667,4.571428571428571
486,20070015,1.5,1.875,5.714285714285714
487,20090329,1.5,1.875,3.166666666666667
488,20142407,1.5,1.0,3.0
489,20050232,1.2,1.25,4.1
490,20080637,1.2,1.875,3.0
491,20119627,1.2,1.1428571428571428,3.0
492,20113554,1.2,1.1428571428571428,3.616666666666667
493,20142402,1.2,1.1428571428571428,3.0
494,20090336,1.0,1.0,3.0
495,20119529,1.0,1.0,3.366666666666667
496,20050292,1.2,1.0909090909090908,3.8666666666666667
497,20070504,1.2,1.0,3.166666666666667
498,20100834,1.2,1.3333333333333333,4.833333333333333
499,20124402,1.2,1.0,3.5476190476190474
500,20148188,1.2,1.0,7.590909090909091
501,20050076,1.25,1.0192307692307692,3.166666666666667
502,20060288,1.25,1.0,3.166666666666667
503,20113533,1.25,1.5,4.333333333333333
504,20144442,1.25,3.0,3.25
505,20050077,1.0,1.0,4.0
506,20070393,1.0,1.0476190476190477,3.0
507,20050010,1.0,1.2692307692307692,3.0
508,20070550,1.0,1.2692307692307692,0.0
509,20110235,1.0,1.161764705882353,3.166666666666667
510,20138544,1.0,1.0,3.0
511,20140402,1.0,1.0,3.0
512,20151481,1.0,1.0,3.0
513,20050013,1.0,1.0,3.2
514,20081244,1.0,1.0,3.0
515,20050110,2.0,1.0192307692307692,3.125
516,20070072,2.0,1.0,5.333333333333333
517,20126091,2.0,1.75,8.333333333333334
518,20050085,1.0,1.0,3.333333333333333
519,20149859,1.0,1.1481481481481481,3.8
520,20124136,1.0,1.1481481481481481,3.125
521,20050140,1.0,1.1538461538461537,0.0
522,20081791,1.0,1.4285714285714286,3.0
523,20050261,1.0,1.0,3.0
524,20050064,1.0,1.25,3.8095238095238098
525,20050330,1.0,1.4166666666666667,3.166666666666667
526,20070305,1.0,1.0,3.0
527,20137081,1.0,1.1481481481481481,3.0
528,20147129,1.0,1.0,3.0
529,20050078,1.125,1.1785714285714286,3.0
530,20060311,1.125,1.1785714285714286,3.0
531,20070642,1.125,1.0384615384615385,0.0
532,20081444,1.125,1.2153846153846153,3.25
533,20125086,1.125,1.161764705882353,3.25
534,20133152,1.125,1.161764705882353,3.583333333333333
535,20140842,1.125,1.161764705882353,4.333333333333334
536,20151383,1.125,1.161764705882353,3.833333333333333
537,20050008,1.0,1.5,3.0
538,20050280,1.0,1.0,3.0
539,20071047,1.0,1.0,3.0
540,20050083,1.0,1.0,3.0
541,20050011,1.0,1.0,3.0
542,20050141,1.0,1.0192307692307692,3.333333333333333
543,20050045,1.0,1.3333333333333333,3.0
544,20050216,1.0,1.0,3.904761904761904
545,20050046,1.0,1.0,3.0
546,20070643,1.0,1.6666666666666667,3.0
547,20136863,1.0,1.0,3.166666666666667
548,20050112,2.5,1.2692307692307692,4.333333333333334
549,20060340,2.5,1.2153846153846153,0.0
550,20112703,2.5,1.2153846153846153,6.416666666666667
551,20081056,2.5,1.2153846153846153,5.0
552,20100312,2.5,1.2692307692307692,5.25
553,20149120,2.5,1.2153846153846153,6.466666666666667
554,20050271,1.0,1.0,3.0
555,20124057,1.0,1.0,3.333333333333333
556,20134123,1.0,1.1481481481481481,3.392857142857143
557,20050233,1.0,1.0,3.0
558,20040776,1.0,1.0,0.0
559,20080965,1.0,1.0,0.0
560,20040774,1.0,1.0909090909090908,3.0
561,20048103,1.0,1.2692307692307692,3.083333333333333
562,20070058,1.0,1.2153846153846153,3.2
563,20112175,1.0,1.2153846153846153,0.0
564,20126410,1.0,1.0,3.5
565,20127706,1.0,1.0,3.142857142857143
566,20139723,1.0,1.0543478260869565,3.0
567,20132481,1.0,1.0,3.0
568,20040779,1.0,1.1538461538461537,0.0
569,20050028,1.0,1.2692307692307692,0.0
570,20070013,1.0,1.1538461538461537,0.0
571,20090018,1.0,1.0,4.2
572,20090064,1.0,1.2153846153846153,3.0
573,20100105,1.0,1.2692307692307692,0.0
574,20143754,1.0,1.2153846153846153,0.0
575,20050291,1.0,1.0,0.0
576,20090089,1.0,1.0,3.1818181818181817
577,20050333,1.7777777777777777,5.0,8.80952380952381
578,20060284,1.7777777777777777,1.0,3.571428571428571
579,20070380,1.7777777777777777,1.0,3.0
580,20080764,1.7777777777777777,1.5,3.0
581,20090931,1.7777777777777777,1.0,4.1
582,20102415,1.7777777777777777,1.0,3.25
583,20134582,1.7777777777777777,1.5,4.880952380952381
584,20148846,1.7777777777777777,1.5,7.666666666666666
585,20158482,1.7777777777777777,1.0,3.0
586,20136049,3.0,3.0,6.333333333333334
587,20050255,1.0,1.0,0.0
588,20090664,1.0,1.0526315789473684,0.0
589,20138421,1.0,1.0736842105263158,3.142857142857143
590,20162627,1.0,1.0,3.0
591,20144461,1.0,1.0543478260869565,3.0
592,20050189,1.0,1.0,3.0
593,20050305,1.0,1.0,3.8809523809523805
594,20110906,1.0,1.0,3.0
595,20050338,1.0,1.0909090909090908,0.0
596,20080479,1.0,1.1458333333333333,0.0
597,20040749,1.0,1.0,0.0
598,20100103,1.0,1.3846153846153846,0.0
599,20060337,1.0,1.2153846153846153,0.0
600,20124551,1.0,1.1481481481481481,0.0
601,20136812,1.0,1.0,3.25
602,20050033,1.0,1.0,0.0
603,20080079,1.0,1.2153846153846153,0.0
604,20050318,1.0,1.0,3.0
605,20157531,1.0,1.161764705882353,3.0
606,20124666,1.0,1.161764705882353,3.0
607,20070059,1.0,1.1785714285714286,0.0
608,20050145,1.0,1.0,0.0
609,20050087,1.0,1.0,0.0
610,20060310,1.0,1.0,0.0
611,20060144,1.0,1.0909090909090908,3.0
612,20090480,1.0,1.0,3.0
613,20050288,1.0,1.1666666666666667,3.333333333333333
614,20080014,1.0,1.1666666666666667,3.333333333333333
615,20050258,1.0,1.0,3.0
616,20050160,1.25,1.0,3.0
617,20060070,1.25,1.0,3.666666666666667
618,20070466,1.25,1.0,3.75
619,20124938,1.25,2.0,4.466666666666667
620,20040775,1.0,1.0,3.166666666666667
621,20060112,1.0,1.0,3.142857142857143
622,20050222,1.1666666666666667,1.0,0.0
623,20090234,1.1666666666666667,1.1428571428571428,0.0
624,20060117,1.1666666666666667,1.5,0.0
625,20090069,1.1666666666666667,1.0,0.0
626,20132120,1.1666666666666667,1.0543478260869565,0.0
627,20144683,1.1666666666666667,1.2153846153846153,3.2
628,20050142,1.0,1.3333333333333333,3.0
629,20050037,1.0,1.0,0.0
630,20040705,1.0,1.3846153846153846,4.0
631,20050278,1.0,1.1538461538461537,0.0
632,20050186,1.0,1.0,0.0
633,20040790,1.0,1.0,0.0
634,20060259,1.0,1.0,0.0
635,20081618,1.0,1.0,3.0
636,20111418,1.0,1.0,3.0
637,20050237,1.0,1.0,4.333333333333334
638,20100326,1.0,1.0,3.0
639,20134069,1.0,1.0,3.0
640,20050084,1.0,1.0,3.0
641,20050221,1.0,1.1538461538461537,0.0
642,20110182,1.0,1.0,3.0
643,20050263,1.0,1.5,0.0
644,20060358,1.0,1.1458333333333333,0.0
645,20110655,1.0,1.2153846153846153,0.0
646,20050129,1.0,1.0,0.0
647,20070254,1.0,1.0543478260869565,0.0
648,20050238,1.0,1.0,3.0
649,20100977,1.0,1.0,3.0
650,20132262,1.0,1.0,3.0
651,20050185,1.0,1.0543478260869565,3.25
652,20060136,1.0,1.1785714285714286,3.2
653,20070352,1.0,1.0526315789473684,0.0
654,20112707,1.0,1.0736842105263158,0.0
655,20149568,1.0,1.2153846153846153,3.0
656,20050069,1.0,1.0,0.0
657,20081681,1.0,1.0,3.0
658,20101011,1.0,1.0,3.0
659,20090833,1.0,1.0,3.0
660,20050014,1.2,1.0,0.0
661,20135657,1.2,1.2916666666666667,3.5
662,20162941,1.2,1.2153846153846153,3.0
663,20131381,1.2,1.2153846153846153,3.0
664,20143580,1.2,1.0736842105263158,3.958333333333333
665,20050351,1.0,1.0,0.0
666,20060354,1.0,1.0,0.0
667,20070593,1.0,1.0543478260869565,0.0
668,20050034,1.0,1.0384615384615385,3.5
669,20161870,1.0,1.0,3.0
670,20050205,1.0,1.1428571428571428,0.0
671,20090854,1.0,1.1428571428571428,0.0
672,20050332,1.25,1.0,3.0
673,20070435,1.25,1.3333333333333333,5.166666666666667
674,20081611,1.25,1.0,3.0
675,20149961,1.25,1.0,3.0
676,20050117,1.0,1.0,0.0
677,20050101,1.0,1.0,0.0
678,20050342,1.0,1.0,3.0
679,20129368,1.0,1.75,3.666666666666667
680,20040798,1.0,1.0,0.0
681,20080021,1.0,1.0736842105263158,3.666666666666667
682,20050257,1.0,1.0,0.0
683,20050283,1.0,1.0192307692307692,3.125
684,20070041,1.0,1.0543478260869565,0.0
685,20119707,1.0,1.1458333333333333,3.0
686,20124717,1.0,1.2153846153846153,4.333333333333334
687,20148132,1.0,1.1481481481481481,3.0
688,20040638,1.0,1.0526315789473684,0.0
689,20090091,1.0,1.0909090909090908,0.0
690,20125106,1.0,1.1481481481481481,3.0
691,20050004,1.4,1.0,4.0
692,20081484,1.4,1.1458333333333333,3.125
693,20080080,1.4,1.0909090909090908,0.0
694,20125486,1.4,1.0,3.090909090909091
695,20122122,1.4,2.0,7.333333333333333
696,20050074,1.0,1.0,0.0
697,20090161,1.0,1.0909090909090908,0.0
698,20119358,1.0,1.161764705882353,0.0
699,20150461,1.0,1.0736842105263158,3.0
700,20050082,1.0,1.0,3.0
701,20060365,1.0,1.0,0.0
702,20081792,1.0,1.0526315789473684,0.0
703,20143343,1.0,1.0,3.5
704,20050042,1.0,1.0,0.0
705,20070173,1.0,1.0,0.0
706,20050190,1.0,1.0,3.0
707,20154906,1.0,1.0,3.3428571428571425
708,20050092,1.0,1.0,0.0
709,20050207,1.0,1.0,0.0
710,20070522,1.0,1.0,0.0
711,20148877,1.0,1.0476190476190477,3.0
712,20050048,1.0,1.0,3.25
713,20050250,1.0,1.0,0.0
714,20060156,1.0,1.0543478260869565,0.0
715,20090157,1.0,1.0,4.0
716,20050245,1.0,1.1,3.0
717,20072686,1.0,1.5,3.625
718,20145182,1.0,1.0,3.0
719,20124066,1.0,1.0,3.4
720,20163981,1.0,1.0277777777777777,3.0
721,20119600,1.0,1.0,0.0
722,20050039,1.0,1.0,3.0
723,20050108,1.0,1.1785714285714286,0.0
724,20050249,1.0,1.0,0.0
725,20149287,1.0,1.0,3.5
726,20050016,1.0,1.5,0.0
727,20050290,1.0,1.0,0.0
728,20112704,1.0,1.161764705882353,3.125
729,20134869,1.0,1.0277777777777777,3.0
730,20148845,2.0,2.0,6.0
731,20100256,1.0,2.857142857142857,3.0
732,20139401,1.0,1.0,3.5
733,20050027,1.0,1.0,0.0
734,20040702,1.0,1.0,0.0
735,20060024,1.0,1.0,0.0
736,20154521,1.0,1.0,3.0
737,20040687,1.0,1.5,0.0
738,20050130,1.0,1.0,0.0
739,20050131,1.0,1.0,0.0
740,20050229,1.0,1.3846153846153846,3.0
741,20111892,1.0,1.0,3.333333333333333
742,20040713,1.0,1.3846153846153846,0.0
743,20050289,1.0,1.3846153846153846,3.166666666666667
744,20113472,1.0,1.161764705882353,0.0
745,20050218,1.0,1.0,0.0
746,20050176,1.0,1.0,0.0
747,20050163,1.0,1.0,3.0
748,20050061,1.0,1.0,3.0
749,20050331,1.0,1.1785714285714286,0.0
750,20040797,1.0,1.0,0.0
751,20050143,1.0,1.0,0.0
752,20040781,1.0,1.0,0.0
753,20081623,1.0,1.161764705882353,0.0
754,20123387,1.0,1.161764705882353,3.25
755,20040792,1.0,1.0,0.0
756,20050191,1.0,1.0,0.0
757,20070502,1.0,1.0,3.0
758,20156970,1.0,1.0,3.0
759,20050165,1.0,1.0909090909090908,3.0
760,20050182,1.0,1.0384615384615385,0.0
761,20090019,1.0,1.0526315789473684,3.333333333333333
762,20050095,1.25,1.0,0.0
763,20060423,1.25,1.1538461538461537,0.0
764,20110905,1.25,1.0277777777777777,0.0
765,20126469,1.25,1.0277777777777777,3.7
766,20050058,1.0,1.0,3.5
767,20040741,1.0,1.0,0.0
768,20080055,1.0,1.1458333333333333,0.0
769,20150385,1.0,1.0543478260869565,3.0
770,20140456,1.0,1.0,3.0
771,20050147,1.0,1.0,0.0
772,20080877,1.0,1.0543478260869565,3.333333333333333
773,20050041,1.0,1.2692307692307692,0.0
774,20152870,1.0,1.0,0.0
775,20050009,1.0,1.0,3.0
776,20040777,1.0,1.0,0.0
777,20050286,1.0,1.0,0.0
778,20121244,1.0,1.0,3.0
779,20050093,1.0,1.0,3.0
780,20122581,1.0,1.0,0.0
781,20148829,1.0,1.0543478260869565,0.0
782,20050023,1.0,1.0,0.0
783,20113981,1.0,1.161764705882353,0.0
784,20050105,1.0,1.0526315789473684,4.333333333333334
785,20040626,1.0,1.0,3.0
786,20050107,1.0,1.0,0.0
787,20090196,1.0,1.0,3.0
788,20050202,1.0,1.0,0.0
789,20070122,1.0,1.0,0.0
790,20050304,1.0,1.0,0.0
791,20050035,1.0,1.0,0.0
792,20070035,1.0,1.0,0.0
793,20050197,1.0,2.0,3.0
794,20050063,1.0,1.0,0.0
795,20050321,1.0,1.0,3.0
796,20136586,1.0,1.0,3.0
797,20050285,1.0,1.0909090909090908,0.0
798,20050111,1.0,1.0,3.0
799,20050274,1.0,1.0,3.0
800,20050226,1.0,1.0,0.0
801,20050303,1.5,1.0,3.6
802,20080394,1.5,1.0,4.0
803,20113557,1.5,2.0,4.133333333333333
804,20123501,1.5,3.0,6.5
805,20060151,4.5,1.4166666666666667,10.666666666666666
806,20126674,4.5,1.8,5.75
807,20123383,1.0,1.0,3.333333333333333
808,20157175,1.0,1.0,3.0
809,20070216,1.0,1.0,0.0
810,20090445,1.0,1.0909090909090908,0.0
811,20127494,1.0,1.0,0.0
812,20134804,3.0,1.0192307692307692,4.083333333333333
813,20081672,3.0,2.5,6.880952380952381
814,20110193,3.0,3.0,8.0
815,20060107,1.6,1.3846153846153846,0.0
816,20090235,1.6,1.0909090909090908,3.0
817,20110656,1.6,1.1481481481481481,0.0
818,20154141,1.6,2.111111111111111,5.0
819,20123329,1.6,1.3846153846153846,3.0
820,20050363,1.6666666666666667,1.5,6.166666666666667
821,20090014,1.6666666666666667,1.0,3.5
822,20124049,1.6666666666666667,1.0,3.25
823,20060146,1.6666666666666667,1.0909090909090908,0.0
824,20070057,1.6666666666666667,1.3333333333333333,0.0
825,20119630,1.6666666666666667,1.1481481481481481,0.0
826,20100215,1.0,1.0,3.0
827,20060387,2.6666666666666665,4.0,6.666666666666667
828,20090307,2.6666666666666665,1.75,7.8
829,20124082,2.6666666666666665,1.0,3.8
830,20050355,1.3333333333333333,1.5714285714285714,3.0
831,20090927,1.3333333333333333,1.6666666666666667,3.9000000000000004
832,20133322,1.3333333333333333,1.0,3.5
833,20060005,1.0,1.1666666666666667,3.476190476190476
834,20060100,1.0,1.0909090909090908,3.428571428571429
835,20080741,1.0,1.0,3.5
836,20134590,1.0,1.0,4.333333333333333
837,20060148,1.4,1.2692307692307692,0.0
838,20071013,1.4,1.0,3.75
839,20123641,1.4,1.2153846153846153,3.0
840,20147669,1.4,1.161764705882353,4.2
841,20150523,1.4,1.161764705882353,4.75
842,20090078,1.0,1.0,3.0
843,20060019,1.0,1.0,3.25
844,20060417,1.0,1.0,3.0
845,20060051,1.5,1.0,3.25
846,20112695,1.5,2.0,8.09090909090909
847,20138226,1.5,2.0,3.0
848,20158483,1.5,1.0,3.0
849,20060017,1.0,1.4166666666666667,3.0
850,20060264,1.0,1.161764705882353,0.0
851,20090027,1.0,1.0,0.0
852,20135581,1.0,1.0,3.5
853,20147693,1.0,1.0277777777777777,3.0
854,20151964,1.0,1.1481481481481481,3.0
855,20110911,1.0,1.0,3.0
856,20127306,1.0,1.1481481481481481,3.0
857,20149567,1.0,1.1481481481481481,0.0
858,20157223,1.0,1.0,3.0
859,20060370,1.0,1.0,3.166666666666667
860,20126671,1.0,1.3333333333333333,3.75
861,20050346,1.0,1.0,3.0
862,20080397,1.0,1.0,4.333333333333334
863,20148841,1.0,1.1428571428571428,3.0
864,20060197,1.0,1.0,0.0
865,20060157,1.0,1.0,3.0
866,20110297,1.0,1.0,3.0
867,20060018,1.0,1.0,3.166666666666667
868,20090922,1.0,1.0,3.142857142857143
869,20149878,1.0,1.0,0.0
870,20060033,1.0,1.0,0.0
871,20080065,1.0,1.0736842105263158,0.0
872,20090682,1.0,1.1538461538461537,0.0
873,20150562,1.0,1.2153846153846153,3.2
874,20050362,1.3333333333333333,1.1428571428571428,3.0
875,20110294,1.3333333333333333,1.1458333333333333,4.833333333333333
876,20143422,1.3333333333333333,2.111111111111111,3.0
877,20060130,1.0,1.4285714285714286,3.25
878,20050345,1.5,1.0,3.166666666666667
879,20124937,1.5,1.5,4.666666666666666
880,20060279,1.0,1.8,3.0
881,20090670,1.0,1.0,3.0
882,20060225,1.0,1.0,4.25
883,20060046,2.5,1.0,3.0
884,20070379,2.5,1.8,3.0
885,20136064,2.5,1.6,5.642857142857142
886,20136068,2.5,2.857142857142857,6.4
887,20060241,1.0,1.1,0.0
888,20050359,1.0,1.3333333333333333,3.166666666666667
889,20090189,1.0,1.0,0.0
890,20060369,1.0,1.0192307692307692,3.0
891,20060405,1.0,1.0543478260869565,0.0
892,20060301,1.0,1.0,0.0
893,20080062,1.0,1.0,0.0
894,20050344,1.0,1.0,3.142857142857143
895,20090947,1.0,1.0,3.0
896,20060222,1.0,1.0192307692307692,4.0
897,20141224,1.0,1.2857142857142858,4.166666666666667
898,20060299,1.0,1.0909090909090908,0.0
899,20060242,1.0,1.0,3.0
900,20080226,1.0,1.0,3.166666666666667
901,20060224,1.0,1.0,3.333333333333333
902,20131206,1.0,1.0,3.0
903,20060031,1.3333333333333333,1.0,0.0
904,20070060,1.3333333333333333,1.5,0.0
905,20125647,1.3333333333333333,1.1458333333333333,3.0
906,20060210,1.0,1.8,3.0
907,20060396,1.6666666666666667,1.0192307692307692,3.0
908,20102414,1.6666666666666667,1.2857142857142858,4.928571428571429
909,20149570,1.6666666666666667,1.2857142857142858,5.428571428571429
910,20050364,1.0,1.0909090909090908,0.0
911,20060283,1.3333333333333333,1.0,3.0
912,20126583,1.3333333333333333,1.5,4.0
913,20130442,1.3333333333333333,1.5,3.7
914,20060057,1.5,1.0,0.0
915,20136962,1.5,1.0543478260869565,5.05
916,20060218,1.0,1.0,3.0
917,20134594,1.0,1.875,4.5
918,20050354,2.3333333333333335,1.1,3.7142857142857144
919,20119337,2.3333333333333335,1.0,3.0
920,20124079,2.3333333333333335,4.0,7.4
921,20060261,1.6666666666666667,1.0192307692307692,4.214285714285714
922,20100214,1.6666666666666667,1.4285714285714286,6.0
923,20132482,1.6666666666666667,1.0,3.166666666666667
924,20060124,1.0,1.0192307692307692,3.5
925,20143510,1.0,1.0,3.0
926,20113911,1.3333333333333333,1.2153846153846153,3.0
927,20060318,1.3333333333333333,1.0,0.0
928,20144741,1.3333333333333333,1.2153846153846153,4.833333333333333
929,20060048,1.0,1.0,0.0
930,20090678,1.0,1.2692307692307692,0.0
931,20113821,1.0,1.0543478260869565,3.0
932,20060191,1.0,1.0,3.0
933,20060316,1.0,1.0192307692307692,3.0
934,20100769,1.0,1.0,3.0
935,20132805,1.0,1.0,0.0
936,20152782,1.0,1.0,3.0
937,20060245,1.0,1.5,3.666666666666667
938,20060229,1.0,1.0909090909090908,3.0
939,20060258,1.0,1.0543478260869565,3.0
940,20080105,1.0,1.1,0.0
941,20101038,1.0,1.0,3.0
942,20060085,1.0,1.0,3.5
943,20149930,1.0,1.0,3.0
944,20126448,1.0,1.0543478260869565,3.0
945,20100382,1.0,1.0,3.0
946,20080149,1.0,1.0,3.0
947,20113972,1.0,1.3846153846153846,4.7
948,20150203,1.0,1.0543478260869565,3.7357142857142858
949,20060334,1.0,1.0,0.0
950,20080141,1.0,1.1785714285714286,3.0
951,20090449,1.0,1.0,0.0
952,20090572,1.0,1.2153846153846153,3.0
953,20060113,1.0,1.0526315789473684,0.0
954,20070636,1.0,1.4166666666666667,0.0
955,20090082,1.0,1.1785714285714286,3.0
956,20112050,1.0,1.2153846153846153,0.0
957,20149811,1.0,1.2153846153846153,3.0
958,20060135,1.0,1.0,3.0
959,20060352,1.0,1.1666666666666667,3.0
960,20060280,1.0,1.0,3.166666666666667
961,20122787,1.0,1.0,3.0
962,20060231,1.6666666666666667,1.0192307692307692,3.0
963,20110290,1.6666666666666667,2.857142857142857,4.333333333333333
964,20139201,1.6666666666666667,1.5,4.238095238095238
965,20060056,1.0,1.0,0.0
966,20060087,1.0,1.0384615384615385,0.0
967,20060338,1.0,1.75,5.2
968,20060202,1.0,1.0,0.0
969,20060080,1.0,1.0,0.0
970,20060038,1.0,1.0,0.0
971,20060223,1.0,1.161764705882353,0.0
972,20149313,1.0,1.0,0.0
973,20060090,1.0,1.0,3.0
974,20090408,1.0,1.0,3.0
975,20138962,1.0,1.161764705882353,4.0
976,20060022,1.0,1.0909090909090908,0.0
977,20123221,1.0,1.0,3.0
978,20060364,1.0,1.0,0.0
979,20060125,1.0,1.0,3.0
980,20060237,1.0,1.2692307692307692,0.0
981,20060234,1.0,1.0,4.0
982,20110312,1.0,1.5,3.0
983,20070257,1.0,1.0,3.0
984,20060180,1.0,1.0,3.0
985,20113811,1.0,1.0,3.0
986,20060093,1.0,1.0192307692307692,4.309523809523809
987,20090210,1.0,1.0,0.0
988,20060240,1.0,1.0,0.0
989,20080337,1.0,1.0,0.0
990,20100101,1.0,1.0,0.0
991,20157904,1.0,1.0543478260869565,3.5
992,20060220,1.0,1.0,3.0
993,20050360,1.0,1.0384615384615385,0.0
994,20161905,1.0,1.0,3.0
995,20060212,1.0,1.0,0.0
996,20112303,1.0,1.1481481481481481,0.0
997,20060040,1.0,1.0909090909090908,0.0
998,20070582,1.0,1.0909090909090908,0.0
999,20100728,1.0,1.0,3.0
1000,20128386,1.0,1.161764705882353,3.0
1001,20060339,1.0,1.0,3.0
1002,20110296,1.0,1.0,3.333333333333333
1003,20060042,1.0,1.0,0.0
1004,20080029,1.0,1.1,0.0
1005,20100310,1.0,1.3333333333333333,0.0
1006,20137121,1.0,1.161764705882353,3.2
1007,20060173,1.0,1.0384615384615385,3.0
1008,20090176,1.0,1.0736842105263158,3.458333333333333
1009,20110185,1.0,1.0736842105263158,3.333333333333333
1010,20135221,1.0,1.0736842105263158,3.125
1011,20060192,1.0,1.0,0.0
1012,20060373,2.0,1.0,3.333333333333333
1013,20122783,2.0,1.875,6.714285714285714
1014,20060052,1.0,1.0,0.0
1015,20081723,1.0,1.161764705882353,0.0
1016,20120421,1.0,1.0,3.0
1017,20149931,1.0,1.2916666666666667,3.0
1018,20060025,1.0,1.0,3.0
1019,20050361,1.0,1.0,3.0
1020,20149317,1.0,1.2916666666666667,5.0
1021,20060272,1.0,1.0909090909090908,3.0
1022,20060140,1.0,1.0,0.0
1023,20060204,1.0,1.0,0.0
1024,20090860,1.0,1.0,0.0
1025,20101226,1.0,1.0,3.0
1026,20112709,1.0,1.1481481481481481,0.0
1027,20112708,1.0,1.1481481481481481,3.0
1028,20128247,1.0,1.1481481481481481,3.0
1029,20123217,1.0,1.0,0.0
1030,20041524,1.0,1.0,3.0
1031,20134592,1.0,1.1481481481481481,3.0
1032,20142962,1.0,1.0543478260869565,0.0
1033,20153702,1.0,1.0,0.0
1034,20060278,1.0,1.1,0.0
1035,20060082,1.0,1.0,0.0
1036,20070008,1.0,1.0,0.0
1037,20090203,1.0,1.0,3.333333333333333
1038,20119244,1.0,1.0,3.0
1039,20126686,1.0,1.0,3.0
1040,20134603,1.0,1.0,4.0
1041,20060232,1.0,1.1785714285714286,0.0
1042,20060076,1.0,1.0,0.0
1043,20060077,1.0,1.1666666666666667,3.25
1044,20060088,1.0,1.0,3.2142857142857144
1045,20050313,1.0,1.0,3.5
1046,20060193,1.0,1.0,0.0
1047,20050308,1.0,1.0,3.0
1048,20050353,1.0,1.3333333333333333,3.5
1049,20080013,1.0,1.0543478260869565,0.0
1050,20112701,1.0,1.0277777777777777,3.0
1051,20060067,1.0,1.2692307692307692,0.0
1052,20060119,1.0,1.0,0.0
1053,20090226,1.0,1.0,0.0
1054,20081059,1.0,1.0,0.0
1055,20100166,1.0,1.0,0.0
1056,20149155,1.0,1.0,0.0
1057,20060075,1.0,1.3846153846153846,3.0
1058,20060155,1.0,1.0,0.0
1059,20060276,1.0,1.0,3.0
1060,20060084,1.0,1.0,0.0
1061,20125567,1.0,1.0,0.0
1062,20060207,1.0,1.0,3.0
1063,20060388,1.0,1.0526315789473684,0.0
1064,20081697,1.0,1.0277777777777777,0.0
1065,20119768,1.0,1.2153846153846153,0.0
1066,20060045,1.0,1.0,0.0
1067,20090402,1.0,1.0,0.0
1068,20060032,1.5,1.0,0.0
1069,20090933,1.5,1.3846153846153846,6.222222222222222
1070,20080396,1.5,1.0909090909090908,5.222222222222222
1071,20140609,1.5,1.0,3.0
1072,20060139,1.0,1.0,0.0
1073,20060145,1.0,1.0,0.0
1074,20060179,1.0,1.0,0.0
1075,20060185,1.0,1.0,0.0
1076,20050352,1.0,1.0,0.0
1077,20145021,1.0,1.161764705882353,3.0
1078,20147625,1.0,1.0,4.333333333333334
1079,20060343,1.0,1.0,0.0
1080,20060341,1.0,1.2857142857142858,3.0
1081,20060208,1.0,1.0,3.0
1082,20090160,1.0,1.25,3.0
1083,20134407,1.0,1.0,3.166666666666667
1084,20060126,1.0,1.3333333333333333,0.0
1085,20060037,1.0,1.0,0.0
1086,20060121,1.0,1.0,0.0
1087,20090460,1.0,1.0,0.0
1088,20060177,1.0,1.0909090909090908,0.0
1089,20161364,1.3333333333333333,1.5,6.0
1090,20111416,1.3333333333333333,1.5,3.0
1091,20157587,1.3333333333333333,1.2,3.2
1092,20060095,1.0,1.0,0.0
1093,20081535,1.0,1.0192307692307692,0.0
1094,20060236,1.0,1.1666666666666667,3.0
1095,20060227,1.0,1.0,3.0
1096,20060182,1.0,1.0,0.0
1097,20060074,1.0,1.0909090909090908,0.0
1098,20060178,1.0,1.0,0.0
1099,20081462,1.0,1.0,0.0
1100,20110903,1.0,1.0,0.0
1101,20060273,1.0,1.0,3.0
1102,20113916,1.0,1.3333333333333333,4.0
1103,20060010,1.0,1.0,0.0
1104,20060389,1.0,1.0,3.0
1105,20100188,1.0,1.0192307692307692,5.476190476190476
1106,20124064,1.0,1.0,3.166666666666667
1107,20142856,1.0,1.0,3.0
1108,20060200,1.0,1.0,3.0
1109,20060083,1.0,1.0,0.0
1110,20060392,1.0,1.0,0.0
1111,20060314,1.0,1.0,0.0
1112,20122221,1.0,1.0,3.0
1113,20141206,1.0,1.0,3.0
1114,20060206,1.0,1.0,3.0
1115,20070130,1.0,1.0,0.0
1116,20081212,1.0,1.0,3.0
1117,20060049,1.0,1.0,0.0
1118,20125126,1.0,1.0,3.0
1119,20147430,1.0,1.161764705882353,3.083333333333333
1120,20060023,1.0,1.0,3.0
1121,20060255,1.0,1.0,3.0
1122,20060158,1.0,1.0,0.0
1123,20060211,1.0,1.0,0.0
1124,20060430,1.0,1.0,0.0
1125,20090026,1.0,1.1428571428571428,3.2857142857142856
1126,20132167,1.0,1.0,3.090909090909091
1127,20156275,1.0,1.0,3.125
1128,20070316,3.0,3.0,0.0
1129,20101209,3.0,3.0,6.0
1130,20122021,2.8,1.1481481481481481,6.333333333333333
1131,20110659,2.8,1.1481481481481481,7.8
1132,20090303,2.8,1.1538461538461537,0.0
1133,20070061,2.8,1.5,0.0
1134,20161630,2.8,1.0543478260869565,3.0
1135,20070063,1.8,1.2692307692307692,0.0
1136,20090379,1.8,1.2692307692307692,5.022222222222222
1137,20101224,1.8,2.0,5.022222222222222
1138,20111009,1.8,1.2153846153846153,5.022222222222222
1139,20163661,1.8,1.2153846153846153,3.0
1140,20090926,1.0,1.0,3.666666666666667
1141,20147247,1.0,1.2153846153846153,3.0
1142,20081168,1.0,1.0909090909090908,3.0
1143,20070116,2.0,1.4285714285714286,0.0
1144,20070014,4.0,1.25,4.166666666666667
1145,20090074,4.0,2.857142857142857,7.0476190476190474
1146,20137048,4.0,2.857142857142857,8.766666666666666
1147,20070551,1.5,1.0526315789473684,0.0
1148,20090828,1.5,1.0277777777777777,0.0
1149,20070434,1.0,1.5,3.2142857142857144
1150,20113001,1.0,1.0,3.0
1151,20070104,1.6666666666666667,1.0,3.4
1152,20090042,1.6666666666666667,1.0,3.5
1153,20110302,1.6666666666666667,3.0,6.6000000000000005
1154,20090340,1.0,1.0,3.0
1155,20100130,1.0,1.0,3.0
1156,20113473,1.0,1.0,0.0
1157,20133704,1.0,1.0,3.0
1158,20156102,1.0,1.0,3.0
1159,20070585,1.0,1.0,3.0
1160,20060421,1.0,1.0,5.0
1161,20070637,1.0,1.25,3.0
1162,20070115,1.0,1.0,4.142857142857142
1163,20070020,1.0,1.0,3.7142857142857144
1164,20070497,1.0,1.0,3.0
1165,20070205,1.0,1.0909090909090908,3.928571428571429
1166,20124065,1.0,1.0,3.0
1167,20070089,1.0,1.0,3.25
1168,20070128,1.0,1.3333333333333333,3.25
1169,20111774,1.0,1.0,3.0
1170,20070151,1.0,1.0,3.0
1171,20140704,1.0,1.0,0.0
1172,20081391,1.0,1.8,3.0
1173,20070034,1.0,1.0,0.0
1174,20090913,1.0,1.1428571428571428,0.0
1175,20141085,1.0,1.0,3.0
1176,20070367,1.0,1.3333333333333333,3.0
1177,20081395,1.0,1.75,3.166666666666667
1178,20101109,1.0,1.0,3.25
1179,20070083,1.0,1.0,0.0
1180,20090063,1.0,1.1428571428571428,0.0
1181,20070021,1.0,1.1666666666666667,3.0
1182,20060345,1.0,1.1785714285714286,3.0
1183,20070381,1.5,1.3333333333333333,3.0
1184,20112534,1.5,1.3333333333333333,4.533333333333333
1185,20070383,1.0,1.0,3.0
1186,20070103,1.0,1.2692307692307692,0.0
1187,20070262,1.0,1.0,3.0
1188,20100286,1.0,1.2857142857142858,3.0
1189,20124061,1.0,1.2857142857142858,3.0
1190,20070250,1.0,1.4166666666666667,3.0
1191,20101281,1.0,1.0,0.0
1192,20148830,1.0,1.0,0.0
1193,20070424,1.0,1.0,0.0
1194,20133603,1.0,1.0,3.0
1195,20070640,1.0,1.0,3.0
1196,20070520,1.0,1.0,0.0
1197,20070097,1.0,1.0,4.0
1198,20060425,1.0,1.1666666666666667,4.0
1199,20159059,1.0,1.161764705882353,3.0
1200,20090861,1.0,1.161764705882353,3.0
1201,20070586,1.0,1.0,0.0
1202,20060422,1.0,1.0543478260869565,0.0
1203,20090025,1.0,1.0,3.0
1204,20070462,1.0,1.0,0.0
1205,20147950,1.0,1.0,3.0
1206,20060408,1.0,1.0,3.166666666666667
1207,20150020,1.0,1.0,0.0
1208,20070107,1.0,1.0,3.0
1209,20070110,1.0,1.5,3.0
1210,20070374,1.0,1.0,0.0
1211,20060397,1.0,1.1458333333333333,0.0
1212,20113890,1.0,1.0543478260869565,0.0
1213,20070453,1.0,1.4166666666666667,0.0
1214,20070088,1.0,1.1428571428571428,0.0
1215,20060230,1.0,1.0,3.0
1216,20070610,1.0,1.1,3.7142857142857144
1217,20070545,1.0,1.0,3.25
1218,20060420,1.5,1.0,4.166666666666667
1219,20124062,1.5,1.5,5.428571428571429
1220,20060409,1.0,1.0543478260869565,0.0
1221,20071060,1.0,1.0,3.0
1222,20100302,1.0,1.0,3.0
1223,20141614,1.0,1.0,3.0
1224,20060391,1.0,1.0,3.571428571428571
1225,20070117,1.0,1.0,4.904761904761905
1226,20070096,1.0,1.0,3.5
1227,20070317,1.0,1.0,0.0
1228,20110172,1.0,1.2153846153846153,3.0
1229,20135370,1.0,1.0416666666666667,3.0
1230,20151111,1.0,1.0,3.0
1231,20080379,1.0,1.1,3.0
1232,20133601,1.0,1.1481481481481481,3.0
1233,20123483,1.0,1.0,3.25
1234,20090838,1.0,1.1785714285714286,3.333333333333333
1235,20147727,1.0,1.161764705882353,3.166666666666667
1236,20070261,1.0,1.0384615384615385,0.0
1237,20070234,1.0,1.0543478260869565,0.0
1238,20080837,1.0,1.4166666666666667,0.0
1239,20100815,1.0,1.0,3.0
1240,20100763,1.0,1.0,3.0
1241,20060282,1.5,1.0384615384615385,0.0
1242,20155702,1.5,2.111111111111111,5.0
1243,20070064,1.0,1.1785714285714286,0.0
1244,20070456,1.0,1.1428571428571428,3.166666666666667
1245,20070108,1.0,1.0,0.0
1246,20070454,1.3333333333333333,1.0,0.0
1247,20149629,1.3333333333333333,1.0416666666666667,4.428571428571429
1248,20163018,1.3333333333333333,1.0,4.0
1249,20060398,1.0,1.1785714285714286,0.0
1250,20080078,1.0,1.0,0.0
1251,20100768,1.0,1.0,3.5
1252,20070124,1.0,1.0543478260869565,3.0
1253,20070029,1.0,1.0,0.0
1254,20080034,1.0,1.0,0.0
1255,20070474,1.0,1.0543478260869565,0.0
1256,20070348,1.0,1.0192307692307692,3.5
1257,20070555,1.0,1.0,0.0
1258,20070303,1.0,1.2692307692307692,3.2857142857142856
1259,20090024,1.0,1.3846153846153846,0.0
1260,20101013,1.0,1.1428571428571428,3.2
1261,20110882,1.0,1.1458333333333333,0.0
1262,20140425,1.0,1.161764705882353,3.0
1263,20122843,1.0,1.0543478260869565,0.0
1264,20070047,1.0,1.3333333333333333,3.0
1265,20153385,1.0,1.161764705882353,3.0
1266,20060403,1.0,1.0,3.666666666666667
1267,20070449,1.0,1.0,3.5
1268,20070105,1.0,1.0,0.0
1269,20070543,1.0,1.1785714285714286,3.0
1270,20070208,1.0,1.0,0.0
1271,20070085,1.0,1.0,3.0
1272,20070370,1.0,1.0,0.0
1273,20070499,1.0,1.0,0.0
1274,20090205,1.0,1.0,0.0
1275,20126409,1.0,1.0736842105263158,3.0
1276,20070102,1.0,1.0,3.0
1277,20070358,1.0,1.0,3.0
1278,20090917,1.0,1.0,3.0
1279,20070391,1.0,1.0,0.0
1280,20070148,1.0,1.1538461538461537,3.0
1281,20070037,1.0,1.0,0.0
1282,20070091,1.0,1.0,3.0
1283,20134591,1.0,1.4285714285714286,3.5
1284,20070268,1.0,1.0,0.0
1285,20090893,1.0,1.0909090909090908,3.0
1286,20070055,1.0,1.1458333333333333,0.0
1287,20070495,1.0,1.0526315789473684,0.0
1288,20070293,1.0,1.0,3.0
1289,20149441,1.0,1.0,3.0
1290,20149248,1.0,1.0,3.0
1291,20161964,1.0,1.161764705882353,0.0
1292,20149397,1.0,1.0,3.0
1293,20127211,1.0,1.0416666666666667,3.0
1294,20100291,1.0,1.0,0.0
1295,20070049,1.0,1.0736842105263158,3.283333333333333
1296,20070204,1.0,1.0,0.0
1297,20070192,1.0,1.0,0.0
1298,20070353,1.0,1.0,0.0
1299,20070420,1.0,1.0384615384615385,0.0
1300,20070050,1.0,1.0,0.0
1301,20070226,1.0,1.0,0.0
1302,20070068,1.0,1.0,3.0
1303,20060404,1.0,1.0,0.0
1304,20070044,1.0,1.0909090909090908,3.0
1305,20090488,1.0,1.0,3.0
1306,20070309,1.0,1.0,0.0
1307,20070500,1.0,1.0,3.0
1308,20090939,1.0,1.1428571428571428,3.142857142857143
1309,20143513,1.0,1.0,3.0
1310,20070054,1.0,1.5,3.0
1311,20070040,1.0,1.0736842105263158,0.0
1312,20060039,1.0,1.0,3.0
1313,20090923,1.0,1.0,3.0
1314,20158241,1.0,1.0736842105263158,3.0
1315,20070202,1.0,1.0,0.0
1316,20111116,1.0,1.0,0.0
1317,20139083,1.0,1.0,3.0
1318,20070661,1.0,1.0,3.0
1319,20070463,1.0,1.0,0.0
1320,20060263,1.0,1.0,0.0
1321,20070541,1.0,1.0,3.0
1322,20070137,1.0,1.0,0.0
1323,20070263,1.0,1.0,0.0
1324,20070215,1.0,1.0,0.0
1325,20060402,1.0,1.0,0.0
1326,20070252,1.0,1.0,0.0
1327,20070604,1.0,1.0,0.0
1328,20070354,1.0,1.0,0.0
1329,20070373,1.0,1.0384615384615385,0.0
1330,20162299,1.0,1.0416666666666667,3.25
1331,20070566,1.0,1.1458333333333333,3.0
1332,20072152,1.6666666666666667,3.0,7.166666666666666
1333,20068590,1.6666666666666667,1.0,3.0
1334,20123422,1.6666666666666667,1.0,3.5
1335,20080046,2.3333333333333335,1.5714285714285714,6.690909090909091
1336,20101222,2.3333333333333335,1.0,5.49090909090909
1337,20140194,2.3333333333333335,3.0,7.428571428571429
1338,20151803,2.5,1.4285714285714286,4.1
1339,20110511,2.5,1.1481481481481481,6.5
1340,20080653,1.5,1.0909090909090908,5.5
1341,20155563,1.5,1.0,3.0
1342,20081169,2.0,1.0736842105263158,3.958333333333333
1343,20121621,2.5,1.3846153846153846,6.222222222222222
1344,20165041,2.5,1.0,3.0
1345,20080996,1.5,1.0736842105263158,4.833333333333333
1346,20134222,1.5,1.0,3.0
1347,20070382,1.2,1.0909090909090908,5.142857142857142
1348,20090318,1.2,1.0,3.142857142857143
1349,20101040,1.2,1.0,3.0
1350,20125990,1.2,1.0,4.090909090909091
1351,20134589,1.2,1.0,3.4
1352,20081001,2.0,1.5,4.5476190476190474
1353,20149520,1.0,1.0,3.0
1354,20155602,1.0,1.0,4.166666666666667
1355,20080873,1.3333333333333333,1.1458333333333333,0.0
1356,20112134,1.3333333333333333,1.0736842105263158,3.0
1357,20147953,1.3333333333333333,1.0736842105263158,3.333333333333333
1358,20143642,1.0,1.161764705882353,3.0
1359,20128447,1.0,1.161764705882353,3.0
1360,20081809,1.0,1.0,0.0
1361,20111671,1.0,1.0,0.0
1362,20081058,1.3333333333333333,1.0,3.0
1363,20139164,1.3333333333333333,1.6666666666666667,5.0
1364,20156559,1.3333333333333333,1.0,4.0
1365,20071064,1.0,1.0,4.178571428571429
1366,20081057,1.0,1.1458333333333333,0.0
1367,20124629,1.0,1.1458333333333333,3.0
1368,20159058,1.0,2.111111111111111,3.0
1369,20081243,1.5,1.0,3.0
1370,20119515,1.5,1.2,5.0
1371,20100361,1.0,1.0,3.7
1372,20071065,1.0,1.0,0.0
1373,20070563,1.0,1.0909090909090908,0.0
1374,20080148,1.0,1.2153846153846153,0.0
1375,20137815,1.0,1.2916666666666667,3.142857142857143
1376,20150782,1.0,1.161764705882353,3.0
1377,20113653,1.0,1.2153846153846153,3.333333333333333
1378,20100812,1.0,1.0,3.0
1379,20144682,1.0,1.2153846153846153,0.0
1380,20081696,1.0,1.0543478260869565,0.0
1381,20100285,1.0,1.0526315789473684,3.0
1382,20080709,1.0,1.0,3.0
1383,20080291,1.0,1.1666666666666667,3.333333333333333
1384,20113883,1.0,1.0,3.0
1385,20156704,1.0,1.0543478260869565,3.0
1386,20080032,1.0,1.1458333333333333,3.0
1387,20120661,1.0,1.0543478260869565,3.0
1388,20072151,1.0,1.0,5.0476190476190474
1389,20081403,1.0,1.0,3.0
1390,20110162,1.0,1.0,0.0
1391,20081673,1.0,1.161764705882353,0.0
1392,20080476,1.0,1.2153846153846153,0.0
1393,20124024,1.0,1.0277777777777777,3.1
1394,20080946,1.0,1.0543478260869565,0.0
1395,20080641,1.0,1.161764705882353,0.0
1396,20080230,1.0,1.0736842105263158,3.375
1397,20080393,1.0,1.161764705882353,0.0
1398,20149758,1.0,1.0543478260869565,0.0
1399,20070660,1.0,1.1,3.0
1400,20100057,1.0,1.0,3.0
1401,20113671,1.0,1.0,3.0
1402,20130561,1.0,1.3333333333333333,3.0
1403,20162065,1.0,1.0543478260869565,3.0
1404,20070672,1.5,1.0909090909090908,3.0
1405,20148973,1.5,1.161764705882353,5.75
1406,20081565,1.0,1.0192307692307692,3.0
1407,20140458,1.0,1.0543478260869565,3.0
1408,20124746,1.0,1.1458333333333333,3.0
1409,20080254,1.0,1.0,0.0
1410,20080750,1.0,1.0909090909090908,3.0
1411,20081132,1.2,1.0,3.0
1412,20090590,1.2,1.1428571428571428,3.0
1413,20119618,1.2,1.1428571428571428,5.833333333333334
1414,20143512,1.2,1.1428571428571428,3.333333333333333
1415,20125406,1.2,1.1428571428571428,3.0
1416,20110501,1.0,1.0277777777777777,0.0
1417,20080962,1.0,1.0,0.0
1418,20111702,1.0,1.0,0.0
1419,20139383,1.0,1.0543478260869565,0.0
1420,20071003,1.0,1.0476190476190477,0.0
1421,20136662,1.0,1.0543478260869565,3.0
1422,20071014,1.0,1.0476190476190477,3.666666666666667
1423,20081094,1.0,1.0543478260869565,0.0
1424,20080743,1.0,1.0192307692307692,3.333333333333333
1425,20080659,1.0,1.0,0.0
1426,20080349,1.0,1.2153846153846153,0.0
1427,20080363,1.0,1.161764705882353,0.0
1428,20121923,1.0,1.0,0.0
1429,20140694,1.0,1.2916666666666667,3.333333333333333
1430,20080963,1.0,1.0,3.0
1431,20135362,1.0,1.1481481481481481,3.0
1432,20081390,1.0,1.0277777777777777,0.0
1433,20157702,1.0,1.0,0.0
1434,20080874,1.0,1.4166666666666667,3.0
1435,20081096,1.0,1.1785714285714286,0.0
1436,20080514,1.0,1.0909090909090908,0.0
1437,20080015,1.0,1.0192307692307692,3.0
1438,20157501,1.0,1.0,3.0
1439,20080364,1.0,1.0,3.0
1440,20081247,1.0,1.0192307692307692,3.0
1441,20080331,1.0,1.0,3.0
1442,20080348,1.0,1.0909090909090908,3.0
1443,20081158,1.0,1.161764705882353,0.0
1444,20100816,1.0,1.0,3.0
1445,20142741,1.0,1.0,0.0
1446,20134073,1.0,1.0,3.0
1447,20080236,1.0,1.0736842105263158,3.142857142857143
1448,20080258,1.0,1.0909090909090908,0.0
1449,20080024,1.0,1.0,0.0
1450,20121861,1.0,1.0543478260869565,0.0
1451,20081446,1.0,1.0,3.0
1452,20081738,1.0,1.0543478260869565,0.0
1453,20122523,1.0,1.0,3.0
1454,20081445,1.0,1.0,3.0
1455,20081276,1.0,1.0909090909090908,3.0
1456,20136860,1.0,1.0543478260869565,0.0
1457,20139821,1.0,1.0,0.0
1458,20135942,1.0,1.0,0.0
1459,20080478,1.0,1.0,0.0
1460,20080472,1.0,1.0,0.0
1461,20080252,1.0,1.0543478260869565,0.0
1462,20080654,1.0,1.0,3.0
1463,20137722,1.0,1.0736842105263158,3.0
1464,20080350,1.0,1.0543478260869565,3.0
1465,20141114,1.0,1.0,3.0
1466,20110607,1.0,1.0,3.0
1467,20120541,1.0,1.0,3.0
1468,20110322,1.0,1.0,3.0
1469,20088397,1.0,1.0,3.0
1470,20158885,1.0,1.0,3.0
1471,20080328,1.0,1.0,0.0
1472,20081173,1.0,1.2153846153846153,0.0
1473,20080146,1.0,1.0,3.0
1474,20081361,1.0,1.0543478260869565,0.0
1475,20071066,1.0,1.0,3.0
1476,20080365,1.0,1.0543478260869565,0.0
1477,20080008,1.0,1.0,3.0
1478,20081136,1.0,1.0,0.0
1479,20124134,1.0,1.0,3.5
1480,20080878,1.0,1.0736842105263158,0.0
1481,20080992,1.0,1.0192307692307692,3.0
1482,20081263,1.0,1.0,3.0
1483,20157986,1.0,1.0,3.0
1484,20081364,1.0,1.0,3.0
1485,20080017,1.0,1.1666666666666667,3.0
1486,20136921,1.0,1.0,3.0
1487,20081519,1.0,1.0543478260869565,3.0
1488,20081363,1.0,1.0,3.2
1489,20081213,1.0,1.0277777777777777,0.0
1490,20161583,1.0,1.0,0.0
1491,20080661,1.0,1.0736842105263158,3.0
1492,20153521,1.0,1.0,3.0
1493,20081170,1.0,1.0,0.0
1494,20081331,1.0,1.0,0.0
1495,20080054,1.0,1.0,0.0
1496,20100104,1.0,1.3846153846153846,3.0
1497,20081700,1.0,1.0909090909090908,4.125
1498,20134046,1.0,1.161764705882353,3.125
1499,20072673,1.0,1.0,3.142857142857143
1500,20081386,1.0,1.0,3.0
1501,20162245,1.0,1.0,3.0
1502,20163081,1.0,1.0736842105263158,3.0
1503,20050086,1.0,1.4166666666666667,3.142857142857143
1504,20124060,1.0,1.0,3.0
1505,20165201,1.0,1.0736842105263158,0.0
1506,20147299,1.0,1.0277777777777777,3.0
1507,20157041,1.0,1.2153846153846153,3.75
1508,20080088,1.0,1.0192307692307692,0.0
1509,20080516,1.0,1.0,3.0
1510,20081621,1.0,1.0543478260869565,0.0
1511,20081092,1.0,1.0,0.0
1512,20080828,1.0,1.0,3.0
1513,20161781,1.0,1.0,3.0
1514,20100311,1.0,1.0,3.0
1515,20080513,1.0,1.0,0.0
1516,20080289,1.0,1.0,0.0
1517,20081552,1.0,1.0,0.0
1518,20136736,1.0,1.0,0.0
1519,20080656,1.0,1.0,3.0
1520,20081620,1.0,1.0,0.0
1521,20080848,1.0,1.0,0.0
1522,20080225,1.0,1.0,0.0
1523,20080994,1.0,1.0,0.0
1524,20081333,1.0,1.0,0.0
1525,20080227,1.0,1.0,3.0
1526,20150942,1.0,1.0,3.0
1527,20080728,1.0,1.1458333333333333,0.0
1528,20080845,1.0,1.0476190476190477,0.0
1529,20080026,1.0,1.1458333333333333,0.0
1530,20080030,1.0,1.0526315789473684,0.0
1531,20070203,1.0,1.0,3.0
1532,20081453,1.0,1.0,0.0
1533,20125649,1.0,1.0,3.642857142857143
1534,20138882,1.0,1.0,3.0
1535,20080223,1.0,1.0,0.0
1536,20080875,1.0,1.0,0.0
1537,20122865,1.0,1.0,3.0
1538,20080256,1.0,1.0,0.0
1539,20129260,1.0,1.0,3.0
1540,20090412,1.0,1.0,3.0
1541,20147909,1.0,1.0,3.0
1542,20081129,1.0,1.0,0.0
1543,20081452,1.0,1.0,0.0
1544,20111987,1.0,1.0277777777777777,3.5
1545,20151521,1.0,1.0,3.142857142857143
1546,20080143,1.0,1.1458333333333333,0.0
1547,20138982,1.0,1.0,3.666666666666667
1548,20080253,1.0,1.0,3.0
1549,20072687,1.0,1.0,3.0
1550,20081567,1.0,1.0,3.0
1551,20080517,1.0,1.0,0.0
1552,20080995,1.0,1.0,3.0
1553,20080677,1.5,1.0,3.0
1554,20124075,1.5,1.25,5.214285714285714
1555,20122222,1.0,1.0,3.0
1556,20090834,5.0,1.1785714285714286,6.0
1557,20148168,1.0,1.0,0.0
1558,20090238,1.3333333333333333,2.0,5.166666666666667
1559,20147612,1.3333333333333333,1.0543478260869565,3.0
1560,20124096,1.3333333333333333,1.161764705882353,3.0
1561,20090297,1.5,1.3333333333333333,5.590909090909091
1562,20139881,1.5,1.0,3.0
1563,20130821,1.0,1.0192307692307692,3.0
1564,20090462,1.0,1.0,0.0
1565,20081727,2.0,1.5,6.0
1566,20153801,1.0,1.0,3.0
1567,20090484,1.0,1.0,3.0
1568,20124399,1.0,1.0,3.0
1569,20156748,1.0,1.0,5.5476190476190474
1570,20090156,1.0,1.0909090909090908,3.428571428571429
1571,20159644,1.0,1.0,3.333333333333333
1572,20090308,1.0,1.0192307692307692,3.5
1573,20129114,1.0,1.0,3.0
1574,20150566,1.0,1.0,0.0
1575,20163201,1.0,1.0,3.0
1576,20161561,1.0,1.0,3.0
1577,20090023,1.0,1.5714285714285714,3.333333333333333
1578,20135521,1.0,1.0,3.0
1579,20157466,1.0,1.0,3.0
1580,20090222,1.0,1.1785714285714286,3.7
1581,20131246,1.0,1.0543478260869565,3.5
1582,20090225,1.0,1.0,3.0
1583,20112621,1.0,1.2153846153846153,0.0
1584,20090856,1.0,1.2153846153846153,0.0
1585,20152745,1.0,1.2153846153846153,3.0
1586,20149270,1.0,1.0416666666666667,3.0
1587,20090305,1.0,1.1,3.75
1588,20090012,1.0,1.0526315789473684,3.0
1589,20124011,1.0,1.0736842105263158,0.0
1590,20090579,1.0,1.1458333333333333,0.0
1591,20137811,1.0,1.2916666666666667,3.083333333333333
1592,20156402,1.0,1.0736842105263158,3.8666666666666667
1593,20090826,1.0,1.0,0.0
1594,20154162,1.0,1.0736842105263158,3.0
1595,20090554,1.0,1.1458333333333333,0.0
1596,20090237,1.0,1.0,3.2142857142857144
1597,20148626,1.0,1.0,3.8392857142857144
1598,20090085,1.0,1.0,3.75
1599,20090195,1.0,1.4285714285714286,3.0
1600,20157158,1.0,1.0736842105263158,3.4
1601,20090327,1.0,1.3333333333333333,3.0
1602,20155761,1.0,1.1481481481481481,0.0
1603,20100378,1.0,1.0,3.0
1604,20058720,1.0,1.1481481481481481,3.0
1605,20048799,1.0,1.1481481481481481,3.0
1606,20068659,1.0,1.1481481481481481,3.0
1607,20090510,1.0,1.0,3.0
1608,20090455,1.0,1.2692307692307692,0.0
1609,20090065,1.0,1.0,3.166666666666667
1610,20142182,1.0,1.0736842105263158,3.0
1611,20158703,1.0,1.0736842105263158,3.0
1612,20090319,1.0,1.0,3.595238095238096
1613,20090557,1.0,1.0416666666666667,3.166666666666667
1614,20129626,1.0,1.1481481481481481,3.166666666666667
1615,20090044,1.0,1.0736842105263158,3.0
1616,20113917,1.0,1.0736842105263158,3.0
1617,20090389,1.0,1.0,3.4
1618,20090517,1.0,1.0543478260869565,0.0
1619,20100128,1.0,1.0384615384615385,0.0
1620,20090513,1.0,1.0,0.0
1621,20090555,1.0,1.0,0.0
1622,20090345,1.0,1.0,3.0
1623,20159573,1.0,1.0,3.0
1624,20090304,1.0,1.4285714285714286,3.0
1625,20090434,1.5,1.0,4.2
1626,20124074,1.5,1.3333333333333333,5.5
1627,20090087,1.0,1.0192307692307692,3.0
1628,20090403,1.0,1.0,0.0
1629,20090284,1.0,1.0736842105263158,0.0
1630,20090193,1.0,1.0,3.333333333333333
1631,20090580,1.0,1.0909090909090908,3.5
1632,20111926,1.0,1.0,0.0
1633,20090174,1.0,1.0192307692307692,3.0
1634,20090613,1.0,1.0,3.0
1635,20090214,1.0,1.0736842105263158,3.0
1636,20090570,1.0,1.0,3.0
1637,20090146,1.0,1.0,3.333333333333333
1638,20090022,1.0,1.1428571428571428,3.0
1639,20090343,1.0,1.0,4.5
1640,20090667,1.0,1.2,3.166666666666667
1641,20090061,1.0,1.0,0.0
1642,20111891,1.0,1.0543478260869565,0.0
1643,20090604,1.0,1.1458333333333333,0.0
1644,20090148,1.0,1.0909090909090908,0.0
1645,20090035,1.0,1.0,3.0
1646,20090227,1.0,1.0476190476190477,3.0
1647,20090454,1.0,1.0909090909090908,3.0
1648,20090556,1.0,1.0,3.0
1649,20090511,1.0,1.0909090909090908,0.0
1650,20090501,1.0,1.0,3.0
1651,20090188,1.0,1.0,0.0
1652,20136742,1.0,1.0,3.0
1653,20100158,1.0,1.0,3.0
1654,20119990,1.0,1.0,3.0
1655,20090801,1.0,1.0,3.0
1656,20090192,1.0,1.0,3.0
1657,20090485,1.0,1.0,0.0
1658,20090599,1.0,1.0,3.0
1659,20135907,1.0,1.0,3.0
1660,20090190,1.0,1.0476190476190477,0.0
1661,20090411,1.0,1.0,0.0
1662,20090428,1.0,1.0,0.0
1663,20090333,1.0,1.0,3.0
1664,20128270,1.0,1.0,3.0
1665,20090453,1.0,1.0,0.0
1666,20090330,1.0,1.0,4.0
1667,20090811,1.0,1.0,3.0
1668,20090068,1.0,1.0277777777777777,3.0
1669,20090028,1.0,1.0909090909090908,0.0
1670,20157432,1.0,1.0736842105263158,3.125
1671,20113461,1.0,1.2916666666666667,3.125
1672,20090086,1.0,1.0,3.166666666666667
1673,20090724,1.0,1.0,3.0
1674,20081729,1.0,1.0192307692307692,4.0
1675,20090191,1.0,1.1538461538461537,0.0
1676,20132601,1.0,1.0,0.0
1677,20090219,1.0,1.0192307692307692,0.0
1678,20090103,1.0,1.0,0.0
1679,20090332,1.0,1.1458333333333333,3.0
1680,20090079,1.0,1.0,3.0
1681,20110278,1.0,1.0,0.0
1682,20133159,1.0,1.0,0.0
1683,20090194,1.0,1.0,0.0
1684,20090006,1.0,1.0543478260869565,0.0
1685,20119585,1.0,1.0,0.0
1686,20090461,1.0,1.1458333333333333,3.5
1687,20090444,1.0,1.0543478260869565,0.0
1688,20090314,1.0,1.0,3.0
1689,20090800,1.0,1.0,3.5
1690,20081810,1.0,1.0277777777777777,0.0
1691,20090259,1.0,1.0,0.0
1692,20090265,1.0,1.0,0.0
1693,20081454,1.0,1.0909090909090908,0.0
1694,20148834,1.0,1.0,3.0
1695,20090592,1.0,1.0,0.0
1696,20070473,1.0,1.0,0.0
1697,20081209,1.0,1.0,3.0
1698,20090663,1.0,1.0,0.0
1699,20151962,1.0,1.0,3.0
1700,20090395,1.0,1.0,3.0
1701,20090295,1.0,1.0,3.0
1702,20090322,1.0,1.0277777777777777,3.0
1703,20080266,1.0,1.0,3.0
1704,20136802,1.0,1.3333333333333333,3.666666666666667
1705,20090233,1.0,1.0543478260869565,0.0
1706,20090400,1.0,1.0,0.0
1707,20156166,1.0,1.0736842105263158,0.0
1708,20090328,1.0,1.0,3.0
1709,20080536,1.0,1.0,3.0
1710,20143565,1.0,1.0,3.0
1711,20090787,1.0,1.0,3.0
1712,20163841,1.0,1.0,3.0
1713,20129092,1.0,1.0192307692307692,0.0
1714,20090810,1.0,1.0,0.0
1715,20110221,1.0,1.0,3.0
1716,20158150,1.0,1.0736842105263158,3.0
1717,20149591,1.0,1.0,0.0
1718,20131541,1.0,1.0,0.0
1719,20090430,1.0,1.0,0.0
1720,20090344,1.0,1.0,0.0
1721,20090053,1.0,1.1458333333333333,0.0
1722,20081460,1.0,1.0,3.0
1723,20090489,1.0,1.0,0.0
1724,20090296,1.0,1.0,0.0
1725,20090574,1.0,1.0,3.0
1726,20149062,1.0,1.0,3.5
1727,20090582,1.0,1.0,0.0
1728,20090914,2.0,2.857142857142857,4.75
1729,20100370,1.5,1.1428571428571428,0.0
1730,20149099,1.5,1.0,3.0
1731,20131248,2.0,1.1481481481481481,4.9
1732,20100190,2.0,1.4285714285714286,0.0
1733,20152264,1.0,1.0,0.0
1734,20101010,1.0,1.875,3.583333333333333
1735,20101221,1.5,1.3333333333333333,3.166666666666667
1736,20156557,1.5,1.3333333333333333,5.05
1737,20100377,1.0,1.0,0.0
1738,20101223,1.5,2.0,5.0476190476190474
1739,20135386,1.5,1.0,4.380952380952381
1740,20101213,1.0,1.1785714285714286,3.5
1741,20090888,1.0,1.0,3.9142857142857146
1742,20124032,1.0,1.0,3.0
1743,20100131,1.0,1.0,4.2
1744,20129787,1.0,1.0,3.2142857142857144
1745,20101200,1.0,1.1428571428571428,3.4000000000000004
1746,20100810,1.0,1.0,3.0
1747,20156904,1.0,1.0,0.0
1748,20122089,1.0,1.0736842105263158,3.0
1749,20113889,1.0,1.0736842105263158,3.0
1750,20100814,1.5,1.0,3.0
1751,20145361,1.5,1.0736842105263158,4.75
1752,20100353,1.5,1.5,3.428571428571429
1753,20124400,1.5,1.0,4.571428571428571
1754,20149314,1.5,2.0,6.033333333333333
1755,20150025,1.5,2.0,3.5
1756,20101212,1.0,1.0,0.0
1757,20101133,1.0,1.0,3.0
1758,20100295,1.0,1.0,3.0
1759,20124021,1.0,1.0,0.0
1760,20100380,1.0,1.0,3.8
1761,20133701,1.0,1.2916666666666667,3.0
1762,20090718,1.0,1.0,3.0
1763,20136445,1.0,1.2153846153846153,3.0
1764,20126406,1.0,1.1481481481481481,3.0
1765,20101348,1.0,1.0,3.0
1766,20134206,1.0,1.1481481481481481,0.0
1767,20090953,1.0,1.0,3.0
1768,20100129,1.0,1.0,3.0
1769,20127407,1.0,1.0543478260869565,3.0
1770,20100991,1.0,1.1428571428571428,0.0
1771,20101009,1.0,1.0,3.166666666666667
1772,20100168,1.0,1.0,3.0
1773,20162621,1.0,1.0,3.0
1774,20090857,1.0,1.0,3.0
1775,20129079,1.0,1.0,0.0
1776,20101015,1.0,1.3846153846153846,0.0
1777,20112693,1.0,1.1481481481481481,0.0
1778,20101014,1.0,1.0,3.166666666666667
1779,20090821,1.0,1.0,3.0
1780,20149818,1.0,1.0543478260869565,3.0
1781,20128143,1.0,1.0543478260869565,3.0
1782,20100017,1.0,1.0,0.0
1783,20100165,1.0,1.2692307692307692,0.0
1784,20147509,1.0,1.2916666666666667,3.1
1785,20100292,1.0,1.0,0.0
1786,20129588,1.0,1.0543478260869565,3.0
1787,20100794,1.0,1.0,3.0
1788,20100962,1.0,1.0,0.0
1789,20100379,1.0,1.0,3.0
1790,20127266,1.0,1.0543478260869565,3.0
1791,20100077,1.0,1.0384615384615385,0.0
1792,20101378,1.0,1.0,0.0
1793,20090952,1.0,1.0384615384615385,0.0
1794,20147284,1.0,1.0,3.0
1795,20090897,1.0,1.0,3.0
1796,20100098,1.0,1.0,0.0
1797,20133760,1.0,1.0,4.0
1798,20149388,1.0,1.0,3.5
1799,20100278,1.0,1.0,3.0
1800,20128549,1.0,1.0416666666666667,3.0
1801,20090890,1.0,1.6,3.0
1802,20100176,1.0,1.0,3.0
1803,20129262,1.0,1.0,3.5
1804,20090944,1.0,1.0,0.0
1805,20090943,1.0,1.0,0.0
1806,20100281,2.0,1.0,3.5
1807,20126672,2.0,3.0,8.0
1808,20100075,1.0,1.0,3.666666666666667
1809,20100027,1.0,1.0,0.0
1810,20100169,2.0,1.0,3.0
1811,20110561,2.0,1.161764705882353,5.0
1812,20140110,2.0,1.161764705882353,5.285714285714286
1813,20100012,1.0,1.0,0.0
1814,20090932,1.0,1.0,3.0
1815,20144481,1.0,1.0,3.0
1816,20101225,1.0,1.0,3.0
1817,20134181,1.0,1.0736842105263158,3.75
1818,20100758,1.0,1.0,0.0
1819,20100980,1.0,1.0,0.0
1820,20100807,1.0,1.0,0.0
1821,20100116,1.0,1.0,3.0
1822,20100788,1.0,1.0,3.0
1823,20100808,1.0,1.0,3.0
1824,20090916,1.0,1.0,3.0
1825,20101206,1.0,1.0736842105263158,0.0
1826,20100141,1.0,1.0,0.0
1827,20124933,1.0,1.0,0.0
1828,20149962,1.0,1.0,3.0
1829,20090850,1.0,1.0,3.0
1830,20101140,1.0,1.0,3.0
1831,20100206,1.0,1.0,3.0
1832,20100115,1.0,1.0192307692307692,0.0
1833,20100339,1.0,1.0,0.0
1834,20100925,1.0,1.0,0.0
1835,20100789,1.0,1.0909090909090908,0.0
1836,20163962,1.0,1.0277777777777777,0.0
1837,20101039,1.0,1.0,3.0
1838,20100335,1.0,1.0,3.0
1839,20101138,1.0,1.0,0.0
1840,20128272,1.0,1.1481481481481481,3.666666666666667
1841,20100063,1.0,1.0,3.0
1842,20100809,1.0,1.0,4.333333333333334
1843,20101227,1.0,1.0,3.0
1844,20134027,1.0,1.0,0.0
1845,20150563,1.0,1.0,3.0
1846,20100029,1.0,1.0,0.0
1847,20100362,1.0,1.0,3.0
1848,20159063,1.0,1.0,0.0
1849,20090946,1.0,1.0,3.0
1850,20161788,1.0,1.0,3.0
1851,20100376,1.0,1.0,3.0
1852,20135656,1.0,1.0736842105263158,3.0
1853,20136935,1.0,1.0,3.0
1854,20156383,1.0,1.0,3.0
1855,20090866,1.0,1.0909090909090908,3.0
1856,20090902,1.0,1.0,3.0
1857,20100266,1.0,1.0,0.0
1858,20101047,1.0,1.0,0.0
1859,20090874,1.0,1.0,3.142857142857143
1860,20134124,1.0,1.0,3.0
1861,20100740,1.0,1.0,0.0
1862,20100073,1.0,1.0,0.0
1863,20133881,1.0,1.0,3.0
1864,20101165,1.0,1.0,3.0
1865,20147379,1.0,1.0,0.0
1866,20136887,1.0,1.0,3.666666666666667
1867,20123484,1.0,1.0,3.0
1868,20158529,1.0,1.161764705882353,3.0
1869,20152866,1.0,1.1481481481481481,3.2
1870,20100765,1.0,1.0,3.0
1871,20100964,1.0,1.0,0.0
1872,20158905,1.0,1.0,3.0
1873,20100111,1.0,1.0,0.0
1874,20100028,1.0,1.0384615384615385,3.0
1875,20101399,1.0,1.5,3.875
1876,20090906,1.0,1.0,3.0
1877,20100261,1.0,1.0,0.0
1878,20101073,1.0,1.0,3.0
1879,20100316,1.0,1.0,3.0
1880,20100076,1.0,1.0,3.0
1881,20138272,1.0,1.0,3.083333333333333
1882,20100795,1.0,1.0,3.0
1883,20100271,1.0,1.0,0.0
1884,20100196,1.0,1.0,0.0
1885,20090937,1.0,1.0,3.0
1886,20100365,1.0,1.0,0.0
1887,20122101,1.0,1.0,3.0
1888,20101028,1.0,1.0,3.0
1889,20090601,1.0,1.0,3.166666666666667
1890,20101283,1.0,1.0,3.0
1891,20100775,1.0,1.0,0.0
1892,20100011,1.0,1.0,3.0
1893,20100201,1.0,1.0,0.0
1894,20090639,1.0,1.0,0.0
1895,20113381,2.0,1.5,4.666666666666667
1896,20110896,2.0,1.161764705882353,4.833333333333333
1897,20110613,1.0,1.2857142857142858,4.666666666666666
1898,20112272,1.0,1.1666666666666667,3.0
1899,20126413,1.0,1.0,3.0
1900,20110279,1.0,1.0,3.142857142857143
1901,20110211,1.0,1.1481481481481481,3.333333333333333
1902,20136337,1.0,1.1481481481481481,3.0
1903,20131681,1.0,1.0,0.0
1904,20119974,1.0,1.5,3.2
1905,20101395,1.0,1.1458333333333333,0.0
1906,20111571,1.0,1.161764705882353,3.0
1907,20102421,1.0,1.0909090909090908,0.0
1908,20119619,1.0,1.3333333333333333,3.166666666666667
1909,20119637,1.0,1.0,3.2857142857142856
1910,20155020,1.0,1.0736842105263158,3.0
1911,20110233,1.0,1.0,3.0
1912,20110301,1.0,1.0,5.0
1913,20110251,1.0,1.0,3.0
1914,20155423,1.0,1.0543478260869565,3.333333333333333
1915,20101278,1.0,1.0,0.0
1916,20112311,1.0,1.1458333333333333,0.0
1917,20144121,1.0,1.0,4.476190476190476
1918,20112972,1.0,1.1458333333333333,3.0
1919,20134984,1.0,1.161764705882353,0.0
1920,20111928,1.0,1.0,3.0
1921,20111914,1.0,1.1666666666666667,3.2142857142857144
1922,20142855,1.0,1.1481481481481481,3.166666666666667
1923,20147790,2.0,1.2916666666666667,5.375
1924,20111249,1.0,1.1458333333333333,0.0
1925,20119418,1.0,1.0,3.0
1926,20110899,1.0,1.0,3.0
1927,20153282,1.0,1.0,0.0
1928,20110029,1.0,1.0277777777777777,3.333333333333333
1929,20110313,1.0,1.0476190476190477,4.1
1930,20112762,1.0,1.0,3.0
1931,20119511,1.0,1.0,3.0
1932,20119771,1.0,1.0,0.0
1933,20110250,1.0,1.1481481481481481,0.0
1934,20110581,1.0,1.0,3.0
1935,20131630,1.0,1.161764705882353,3.0
1936,20119772,1.0,1.0,0.0
1937,20119556,1.0,1.0277777777777777,3.0
1938,20156281,1.0,1.0,3.0
1939,20119667,1.0,1.1481481481481481,3.25
1940,20147880,1.0,1.0416666666666667,0.0
1941,20111536,1.0,1.0192307692307692,3.0
1942,20119989,1.0,1.0,3.0
1943,20111893,1.0,1.0,3.0
1944,20112763,1.0,1.1458333333333333,3.0
1945,20113271,1.0,1.0,0.0
1946,20113306,1.0,1.0543478260869565,0.0
1947,20135241,1.0,1.1481481481481481,3.0
1948,20110071,1.0,1.0,0.0
1949,20119802,1.0,1.0277777777777777,3.0
1950,20110261,1.0,1.0,0.0
1951,20125806,1.0,1.0,3.0
1952,20138201,1.0,1.1481481481481481,0.0
1953,20119855,1.0,1.0192307692307692,0.0
1954,20112117,1.0,1.0192307692307692,3.0
1955,20110798,1.0,1.0543478260869565,0.0
1956,20112221,1.0,1.0,3.0
1957,20119419,1.0,1.0476190476190477,3.75
1958,20149266,1.0,1.0,3.0
1959,20110609,1.0,1.0,3.0
1960,20110571,1.0,1.1458333333333333,0.0
1961,20110292,1.0,1.0,0.0
1962,20112821,1.0,1.1458333333333333,0.0
1963,20110030,1.0,1.0,0.0
1964,20137422,1.0,1.0,3.0
1965,20112822,1.0,1.0,0.0
1966,20110289,1.0,1.0,3.0
1967,20119856,1.0,1.0277777777777777,3.0
1968,20112141,1.0,1.0,0.0
1969,20102413,1.0,1.0,0.0
1970,20119806,1.0,1.1481481481481481,3.5
1971,20113307,1.0,1.0,0.0
1972,20112209,1.0,1.0736842105263158,0.0
1973,20119721,1.0,1.0,4.0
1974,20119527,1.0,1.0,4.333333333333334
1975,20113312,1.0,1.0,3.0
1976,20112163,1.0,1.0,0.0
1977,20158461,1.0,1.0,0.0
1978,20140241,1.0,1.0,3.0
1979,20111101,1.0,1.0,0.0
1980,20134062,1.0,1.0,0.0
1981,20112971,1.0,1.2153846153846153,3.0
1982,20112622,1.0,1.0,3.333333333333333
1983,20101392,1.0,1.0,3.0
1984,20149796,1.0,1.0,3.0
1985,20110490,1.0,1.0,3.0
1986,20122005,1.0,1.0,3.0
1987,20119155,1.0,1.0543478260869565,0.0
1988,20101003,1.3333333333333333,1.5714285714285714,4.0
1989,20124401,1.3333333333333333,1.25,4.666666666666666
1990,20145171,1.3333333333333333,1.25,3.2
1991,20110023,1.0,1.0736842105263158,0.0
1992,20110171,1.0,1.0,0.0
1993,20112940,1.0,1.0,3.0
1994,20101379,1.0,1.0,0.0
1995,20112553,1.0,1.0736842105263158,0.0
1996,20119718,1.0,1.0,4.2
1997,20110027,1.0,1.0,3.0
1998,20119589,1.0,1.0909090909090908,3.583333333333333
1999,20161921,1.0,1.0736842105263158,4.5
2000,20111532,1.0,1.0,0.0
2001,20101344,1.0,1.0,3.8
2002,20119878,1.0,1.0,0.0
2003,20111031,1.0,1.0,3.0
2004,20131263,1.0,1.0,3.0
2005,20112692,1.0,1.0416666666666667,0.0
2006,20110897,1.0,1.0,3.0
2007,20112933,1.0,1.0736842105263158,0.0
2008,20119927,1.0,1.0,0.0
2009,20119770,1.0,1.0,0.0
2010,20144642,1.0,1.0,3.0
2011,20110986,1.0,1.0,0.0
2012,20110089,1.0,1.0,0.0
2013,20140524,1.0,1.0,0.0
2014,20119555,1.0,1.0,0.0
2015,20110601,1.0,1.0,3.0
2016,20101279,1.0,1.0,3.0
2017,20143941,1.0,1.0,0.0
2018,20110900,1.0,1.0,0.0
2019,20156301,1.0,1.0,3.0
2020,20111533,1.0,1.0,0.0
2021,20119397,1.0,1.0,3.0
2022,20129146,1.0,1.0,3.0
2023,20124872,1.0,1.0,0.0
2024,20119129,1.0,1.0909090909090908,0.0
2025,20119836,1.0,1.0,0.0
2026,20101232,1.0,1.0,3.0
2027,20101242,1.0,1.0,3.0
2028,20132807,1.0,1.0,3.0
2029,20112541,1.0,1.0,0.0
2030,20119501,1.0,1.0,0.0
2031,20113151,1.0,1.0,0.0
2032,20110913,1.0,1.0,0.0
2033,20136800,1.0,1.0,3.333333333333333
2034,20148493,4.0,2.111111111111111,9.555555555555555
2035,20124721,4.0,1.1458333333333333,5.597222222222222
2036,20124054,2.0,1.5714285714285714,7.666666666666666
2037,20142406,2.0,1.5714285714285714,3.0
2038,20124067,2.0,1.3333333333333333,5.214285714285714
2039,20113535,1.5,1.3333333333333333,5.142857142857142
2040,20127546,1.5,1.3333333333333333,4.0
2041,20113885,2.0,1.1458333333333333,4.119047619047619
2042,20088506,1.3333333333333333,1.4166666666666667,5.5
2043,20130573,1.3333333333333333,1.0,3.0
2044,20150903,1.3333333333333333,1.0,0.0
2045,20125920,1.0,1.0,3.25
2046,20158481,1.0,1.0,3.0
2047,20124936,1.0,1.0,3.0
2048,20126667,1.0,1.161764705882353,3.0
2049,20150752,1.0,1.161764705882353,0.0
2050,20124063,1.5,1.0,3.666666666666667
2051,20149265,1.5,2.0,5.333333333333333
2052,20127634,1.0,1.1458333333333333,3.0
2053,20113886,1.0,1.0,3.25
2054,20124051,1.0,1.3333333333333333,3.2
2055,20124348,1.0,1.0,3.0
2056,20113745,1.0,1.0736842105263158,4.0
2057,20129388,1.0,1.2916666666666667,3.0
2058,20113532,1.0,1.0,3.166666666666667
2059,20124127,1.0,1.0,3.0
2060,20124420,1.0,1.0543478260869565,0.0
2061,20125866,1.0,1.2153846153846153,3.1818181818181817
2062,20144507,1.0,1.0416666666666667,0.0
2063,20124055,1.0,1.0,4.3
2064,20124946,1.0,1.0543478260869565,3.0
2065,20125916,1.0,1.0,3.0
2066,20101069,1.0,1.0,3.0
2067,20154729,1.0,1.0277777777777777,3.0
2068,20125338,1.0,1.161764705882353,3.0
2069,20158242,1.0,1.1428571428571428,3.0
2070,20136058,1.0,1.1428571428571428,3.0
2071,20130574,1.0,1.3333333333333333,3.0
2072,20127108,1.0,1.0,3.0
2073,20127887,1.0,1.0,0.0
2074,20134533,1.0,1.0192307692307692,0.0
2075,20125427,1.0,1.0543478260869565,3.0
2076,20136741,1.0,1.0543478260869565,0.0
2077,20156749,1.0,1.0736842105263158,3.333333333333333
2078,20129166,1.0,1.0736842105263158,3.333333333333333
2079,20148847,1.0,1.0736842105263158,3.5
2080,20126388,1.0,1.0543478260869565,3.0
2081,20124874,1.0,1.1458333333333333,0.0
2082,20126566,1.0,1.0543478260869565,3.2
2083,20112561,1.0,1.0,0.0
2084,20124449,1.0,1.0736842105263158,0.0
2085,20159442,1.0,1.0277777777777777,4.083333333333333
2086,20113652,1.0,1.161764705882353,0.0
2087,20129790,1.0,1.2153846153846153,3.0
2088,20124609,1.0,1.0,0.0
2089,20125646,1.0,1.0,3.0
2090,20147616,1.0,1.0,3.0
2091,20126745,1.0,1.0,3.0
2092,20147283,1.0,1.0543478260869565,3.0
2093,20122192,1.0,1.0543478260869565,0.0
2094,20124058,1.0,1.6,3.5
2095,20128271,1.0,1.25,4.0
2096,20120430,1.0,1.0,3.0
2097,20125907,1.0,1.0,3.666666666666667
2098,20151201,1.0,1.0,3.0
2099,20113982,1.0,1.0,3.0
2100,20120021,1.0,1.0543478260869565,3.0
2101,20112443,1.0,1.0,0.0
2102,20120362,1.0,1.0,3.5
2103,20113881,1.0,1.0,3.0
2104,20129407,1.0,1.0,3.571428571428571
2105,20162321,1.0,1.0,3.0
2106,20124738,1.0,1.0543478260869565,3.0
2107,20124873,1.0,1.0736842105263158,0.0
2108,20151421,1.0,1.0736842105263158,3.0
2109,20150741,1.0,1.0736842105263158,3.0
2110,20126617,1.0,1.0192307692307692,3.0
2111,20124726,1.0,1.0,0.0
2112,20120942,1.0,1.0,0.0
2113,20113486,1.0,1.0,3.0
2114,20144324,1.0,1.0,0.0
2115,20124939,1.0,1.0,0.0
2116,20113201,1.0,1.0,3.0
2117,20112808,1.0,1.3333333333333333,3.0
2118,20121628,1.0,1.0,4.0
2119,20128588,1.0,1.0,3.0
2120,20124917,1.0,1.0,4.0
2121,20126408,1.0,1.0416666666666667,3.0
2122,20125346,1.0,1.0,3.0
2123,20121281,1.0,1.2153846153846153,3.0
2124,20120943,1.0,1.0,3.5
2125,20124023,1.0,1.0,3.0
2126,20124552,1.0,1.0,0.0
2127,20113481,1.0,1.0,0.0
2128,20126506,1.0,1.0,3.0
2129,20128746,1.0,1.0416666666666667,0.0
2130,20124530,1.0,1.0,0.0
2131,20121550,1.0,1.0,4.0
2132,20125467,1.0,1.1481481481481481,3.0
2133,20128306,1.0,1.0,0.0
2134,20129446,1.0,1.0,0.0
2135,20100752,1.0,1.0,0.0
2136,20124186,1.0,1.0192307692307692,0.0
2137,20151002,1.0,1.0,3.0
2138,20129089,1.0,1.0,0.0
2139,20125967,1.0,1.0,3.0
2140,20124114,1.0,1.0,0.0
2141,20125306,1.0,1.0,3.0
2142,20125307,1.0,1.0192307692307692,0.0
2143,20128530,1.0,1.0736842105263158,3.0
2144,20126026,1.0,1.0,0.0
2145,20130421,1.0,1.0,3.0
2146,20113501,1.0,1.0,0.0
2147,20124098,1.0,1.0,3.0
2148,20126010,1.0,1.0,3.0
2149,20113822,1.0,1.0,0.0
2150,20127406,1.0,1.0,3.0
2151,20129046,1.0,1.0,3.1818181818181817
2152,20129227,1.0,1.0,3.0
2153,20127726,1.0,1.0,3.0
2154,20126446,1.0,1.0,3.0
2155,20125766,1.0,1.0,3.0
2156,20120107,1.0,1.0,3.0
2157,20138221,1.0,1.0,3.0
2158,20162042,1.0,1.0543478260869565,3.0
2159,20128977,1.0,1.0,0.0
2160,20121095,1.0,1.0,0.0
2161,20141408,1.0,1.0416666666666667,3.0
2162,20113482,1.0,1.0,3.0
2163,20113491,1.0,1.0,3.5
2164,20134803,5.0,3.0,6.666666666666666
2165,20136052,3.0,1.3333333333333333,6.0
2166,20155010,1.0,1.0,0.0
2167,20138355,2.0,1.2916666666666667,4.533333333333333
2168,20141384,2.0,1.0543478260869565,5.0
2169,20159641,1.0,1.0,3.0
2170,20136961,1.5,1.2153846153846153,4.833333333333333
2171,20156570,1.5,1.0736842105263158,3.25
2172,20128690,1.0,1.0,3.0
2173,20145504,1.0,1.0,3.0
2174,20138202,1.0,1.161764705882353,3.125
2175,20123681,1.0,1.0,3.0
2176,20156807,1.0,1.0,3.0
2177,20135001,1.0,1.2916666666666667,3.0
2178,20123333,2.0,1.3846153846153846,3.75
2179,20157881,2.0,1.0543478260869565,7.25
2180,20134801,1.0,1.1,3.333333333333333
2181,20137562,1.0,1.161764705882353,3.0
2182,20126087,1.0,1.0,3.0
2183,20147176,1.0,1.5714285714285714,3.25
2184,20139981,1.0,1.0,3.666666666666667
2185,20138223,1.0,1.0,3.0
2186,20110881,1.0,1.0,3.0
2187,20128691,1.0,1.0,3.0
2188,20133924,1.0,1.0,3.0
2189,20123421,1.0,1.0277777777777777,3.0
2190,20143344,1.0,1.0,0.0
2191,20123384,1.0,1.0,3.0
2192,20128747,1.0,1.2,3.2
2193,20139265,1.0,1.0277777777777777,3.0
2194,20135427,1.0,1.0,3.5
2195,20136138,1.0,1.0277777777777777,3.0
2196,20123644,1.0,1.0,0.0
2197,20120428,1.0,1.0,3.5
2198,20123821,1.0,1.0,3.0
2199,20120108,1.0,1.0,3.0
2200,20149831,1.0,1.0736842105263158,3.0
2201,20139601,1.0,1.0736842105263158,0.0
2202,20134268,1.0,1.0277777777777777,3.0
2203,20139826,1.0,1.0,3.0
2204,20132261,1.0,1.0,0.0
2205,20134983,1.0,1.1481481481481481,0.0
2206,20138141,1.0,1.0277777777777777,0.0
2207,20126253,1.0,1.0,0.0
2208,20148277,1.0,1.0,0.0
2209,20139263,1.0,1.0,3.0
2210,20134144,1.0,1.0,0.0
2211,20120381,1.0,1.0,3.0
2212,20120103,1.0,1.0,3.0
2213,20139141,1.0,1.0,0.0
2214,20128079,1.0,1.0,0.0
2215,20135368,1.0,1.0,0.0
2216,20135443,1.0,1.0,0.0
2217,20147848,1.0,1.0,0.0
2218,20136783,1.0,1.0,0.0
2219,20126003,1.0,1.0,0.0
2220,20141704,1.0,1.0,3.0
2221,20134042,1.0,1.0,0.0
2222,20131245,1.0,1.0,3.0
2223,20127597,1.0,1.0,3.0
2224,20130569,1.0,1.0,0.0
2225,20131001,1.0,1.0,3.0
2226,20134102,1.0,1.0,0.0
2227,20098169,3.0,1.0736842105263158,7.0
2228,20137082,1.0,1.0,0.0
2229,20135369,1.0,1.0277777777777777,3.0
2230,20123741,1.0,1.0543478260869565,3.0
2231,20155740,1.0,1.0,0.0
2232,20138884,1.0,1.0,3.125
2233,20138712,1.0,1.0,3.0
2234,20134244,1.0,1.0,3.0
2235,20134645,1.0,1.0,4.333333333333334
2236,20138350,1.0,1.0,0.0
2237,20134044,1.0,1.0,3.0
2238,20155874,1.0,1.0,3.0
2239,20131281,1.0,1.0,0.0
2240,20134068,1.0,1.0,3.0
2241,20137585,1.0,1.3333333333333333,3.0
2242,20121455,1.0,1.0543478260869565,3.0
2243,20135837,1.0,1.0,3.0
2244,20058701,1.0,1.0,3.125
2245,20134061,1.0,1.0,0.0
2246,20122223,1.0,1.0,3.0
2247,20159141,1.0,1.0736842105263158,3.0
2248,20139081,1.0,1.0,3.0
2249,20136782,1.0,1.0,3.0
2250,20130482,1.0,1.0,3.0
2251,20134621,1.0,1.0,3.0
2252,20120110,1.0,1.0,3.0
2253,20130250,1.0,1.0,0.0
2254,20122229,1.0,1.0,3.0
2255,20132381,1.0,1.0,0.0
2256,20148976,1.0,1.0,0.0
2257,20150963,1.0,1.0,0.0
2258,20129786,1.0,1.0,3.0
2259,20144441,1.0,1.0,3.0
2260,20135278,1.0,1.0736842105263158,3.0
2261,20134484,1.0,1.0,3.0
2262,20120801,1.0,1.0,3.0
2263,20132722,1.0,1.0736842105263158,0.0
2264,20156643,1.0,1.0,0.0
2265,20137061,1.0,1.0416666666666667,3.0
2266,20123004,1.0,1.0,3.0
2267,20138482,1.0,1.0,3.0
2268,20123521,1.0,1.0,3.0
2269,20134362,1.0,1.0,3.0
2270,20122232,1.0,1.161764705882353,3.0
2271,20136281,1.0,1.0,0.0
2272,20121094,1.0,1.0,3.0
2273,20136803,5.0,1.2916666666666667,12.333333333333334
2274,20139183,2.0,1.5,4.55
2275,20141111,2.0,2.0,0.0
2276,20150622,2.0,1.161764705882353,5.5
2277,20140431,2.0,1.161764705882353,5.5
2278,20158069,1.0,1.0,3.0
2279,20133602,1.0,1.1481481481481481,3.666666666666667
2280,20137043,1.0,1.25,4.85
2281,20134082,1.0,1.0,4.090909090909091
2282,20148383,1.0,1.2916666666666667,0.0
2283,20141261,1.0,1.0736842105263158,0.0
2284,20141113,1.0,1.2153846153846153,3.0
2285,20149846,1.0,1.161764705882353,3.0
2286,20147584,1.0,1.0,0.0
2287,20130522,1.0,1.0543478260869565,3.1818181818181817
2288,20138224,1.0,1.0,3.2142857142857144
2289,20136866,1.0,1.0416666666666667,3.25
2290,20147931,1.0,1.0,3.0
2291,20152370,1.0,1.0,3.333333333333333
2292,20136043,1.0,1.0,3.0
2293,20149394,1.0,1.0277777777777777,0.0
2294,20154621,1.0,1.0736842105263158,3.0
2295,20148745,1.0,1.4285714285714286,3.0
2296,20147968,1.0,1.0,3.0
2297,20139964,1.0,1.0,3.0
2298,20149978,1.0,1.2916666666666667,3.0
2299,20147096,1.0,1.0476190476190477,3.0
2300,20142421,1.0,1.0277777777777777,0.0
2301,20143543,1.0,1.0736842105263158,0.0
2302,20149970,1.0,1.0,0.0
2303,20148728,1.0,1.0,3.0
2304,20148648,1.0,1.1481481481481481,0.0
2305,20134122,1.0,1.0,3.0
2306,20141281,1.0,1.0,0.0
2307,20134588,1.0,1.0,3.0
2308,20149984,1.0,1.0,3.0
2309,20143602,1.0,1.0,0.0
2310,20136312,1.0,1.0,4.0
2311,20140181,1.0,1.0,0.0
2312,20147250,1.0,1.0736842105263158,0.0
2313,20148927,1.0,1.8,3.0
2314,20142843,1.0,1.0,3.0
2315,20134586,1.0,1.0,4.0
2316,20149288,1.0,1.0543478260869565,0.0
2317,20148232,1.0,1.2916666666666667,3.0
2318,20140247,1.0,1.0,3.0
2319,20142301,1.0,1.0736842105263158,3.0
2320,20147694,1.0,1.0416666666666667,0.0
2321,20136894,1.0,1.0,3.0
2322,20147971,1.0,1.0543478260869565,0.0
2323,20150024,1.0,1.0277777777777777,0.0
2324,20147928,1.0,1.0,3.333333333333333
2325,20147948,1.0,1.0,3.0
2326,20147684,1.0,1.0,3.0
2327,20149415,1.0,1.0,3.0
2328,20149140,1.0,1.0,0.0
2329,20153201,1.0,1.0,0.0
2330,20136926,1.0,1.0,3.0
2331,20158670,1.0,1.0,3.125
2332,20141028,1.0,1.0,3.0
2333,20147678,1.0,1.0,3.0
2334,20155277,1.0,1.0,3.0
2335,20141088,1.0,1.0,0.0
2336,20140196,1.0,1.0,3.333333333333333
2337,20156063,1.0,1.0,0.0
2338,20141961,1.0,1.0,3.0
2339,20136292,1.0,1.0416666666666667,3.0
2340,20134070,1.0,1.0,0.0
2341,20141706,1.0,1.0,0.0
2342,20142798,1.0,1.0,0.0
2343,20158951,1.0,1.0,0.0
2344,20149257,1.0,1.0,3.0
2345,20132799,1.0,1.0,3.0
2346,20147282,1.0,1.0,3.0
2347,20142321,1.0,1.0,3.0
2348,20147970,1.0,1.0,0.0
2349,20158882,1.0,1.0,3.0
2350,20149271,1.0,1.0736842105263158,3.0
2351,20149125,1.0,1.2916666666666667,3.0
2352,20147527,1.0,1.0,3.0
2353,20161594,1.0,1.0,0.0
2354,20147679,1.0,1.0,0.0
2355,20124047,1.0,1.5,3.0
2356,20147372,1.0,1.0,3.0
2357,20136805,1.0,1.0,3.0
2358,20123662,1.0,1.0,3.0
2359,20147691,1.0,1.0,3.0
2360,20143314,1.0,1.0,3.0
2361,20136575,1.0,1.2916666666666667,0.0
2362,20140459,1.0,1.0,3.5555555555555554
2363,20148347,1.0,1.0,0.0
2364,20148997,1.0,1.0,3.0
2365,20147301,1.0,1.0,0.0
2366,20141441,1.0,1.0,0.0
2367,20147649,1.0,1.0,3.0
2368,20142021,1.0,1.4285714285714286,0.0
2369,20140762,1.0,1.0,3.0
2370,20141781,1.0,1.0,3.0
2371,20142481,1.0,1.0,0.0
2372,20149838,1.0,1.0,0.0
2373,20158091,1.0,1.0,3.0
2374,20134436,1.0,1.0,3.0
2375,20143574,1.0,1.0,3.0
2376,20135946,1.0,1.0,3.0
2377,20142110,1.0,1.0,0.0
2378,20147161,1.0,1.0,3.0
2379,20155762,1.0,1.0,0.0
2380,20138501,1.0,1.0,3.0
2381,20149462,1.0,1.0,0.0
2382,20142964,1.0,1.0,3.0
2383,20148381,1.0,1.0,3.0
2384,20148208,1.0,1.0,0.0
2385,20143081,1.0,1.0,3.0
2386,20162381,1.0,1.0,3.0
2387,20142857,1.0,1.0,3.0
2388,20150661,1.0,1.0,3.0
2389,20148627,1.0,1.0,3.75
2390,20149494,1.0,1.0,0.0
2391,20147904,1.0,1.0,0.0
2392,20147557,1.0,1.0,3.0
2393,20142844,1.0,1.0,0.0
2394,20136865,1.0,1.0,0.0
2395,20141681,1.0,1.0,0.0
2396,20147872,1.0,1.0,3.0
2397,20142341,1.0,1.0,0.0
2398,20143325,1.0,1.1481481481481481,0.0
2399,20136298,1.0,1.0,3.0
2400,20141027,1.0,1.0,0.0
2401,20143706,1.0,1.0,3.0
2402,20147805,1.0,1.0,0.0
2403,20140186,1.0,1.0,0.0
2404,20147407,1.0,1.0,3.0
2405,20136928,1.0,1.0,0.0
2406,20134601,1.0,1.0,3.0
2407,20133142,1.0,1.0,3.0
2408,20147558,1.0,1.0,3.0
2409,20141609,1.0,1.0,3.0
2410,20136355,1.0,1.0,3.375
2411,20148681,1.0,1.0,0.0
2412,20147690,1.0,1.0,4.0
2413,20163202,1.0,1.0,3.142857142857143
2414,20149952,1.0,1.0,3.5
2415,20147900,1.0,1.0,0.0
2416,20149284,1.0,1.0,0.0
2417,20134798,3.0,3.0,6.666666666666667
2418,20145503,3.0,1.875,6.590909090909091
2419,20149951,2.0,2.111111111111111,5.5
2420,20149569,1.0,1.0,4.0
2421,20143572,1.0,1.0,3.0
2422,20141962,1.0,1.0,3.0
2423,20157464,1.0,1.0,3.833333333333334
2424,20145141,1.0,1.0476190476190477,0.0
2425,20157465,1.0,1.5,3.166666666666667
2426,20148461,1.0,1.0,3.333333333333333
2427,20140193,1.0,1.6,3.7142857142857144
2428,20150501,1.0,1.1481481481481481,0.0
2429,20144322,1.0,1.0277777777777777,0.0
2430,20144621,1.0,1.0416666666666667,3.0
2431,20158561,1.0,1.0416666666666667,3.0
2432,20143511,1.0,1.0,3.0
2433,20130566,1.0,1.25,3.75
2434,20148553,1.0,1.75,3.0
2435,20136057,1.0,1.6,3.166666666666667
2436,20147613,1.0,1.0736842105263158,3.0
2437,20150470,1.0,1.0,3.666666666666667
2438,20149401,1.0,1.1481481481481481,3.0
2439,20151815,1.0,1.0,0.0
2440,20140144,1.0,1.0,4.25
2441,20149037,1.0,1.2153846153846153,3.0
2442,20144523,1.0,1.0543478260869565,3.0
2443,20155881,1.0,1.0,3.0
2444,20100211,1.0,1.0,3.0
2445,20156161,1.0,1.0543478260869565,3.0
2446,20149948,1.0,1.0736842105263158,3.333333333333333
2447,20141602,1.0,1.0,3.0
2448,20158704,1.0,1.0736842105263158,3.0
2449,20155202,1.0,1.0,4.333333333333333
2450,20156441,1.0,1.0,3.0
2451,20159657,1.0,1.0,3.0
2452,20147947,1.0,1.0,3.5
2453,20144102,1.0,1.0543478260869565,3.0
2454,20153039,1.0,1.0,3.0
2455,20143253,1.0,1.0,3.0
2456,20153470,1.0,1.0,3.0
2457,20145042,1.0,1.0,3.0
2458,20155690,1.0,1.0,3.0
2459,20145501,1.0,1.0,3.0
2460,20157883,1.0,1.0,0.0
2461,20158428,1.0,1.0543478260869565,0.0
2462,20142561,1.0,1.0736842105263158,3.0
2463,20158062,1.0,1.0,0.0
2464,20153022,1.0,1.0,0.0
2465,20152869,1.0,1.2153846153846153,3.0
2466,20145085,1.0,1.0,3.0
2467,20145242,1.0,1.0,4.181818181818182
2468,20150522,1.0,1.0,3.0
2469,20156977,1.0,1.0736842105263158,0.0
2470,20157096,1.0,1.0,3.0
2471,20153025,1.0,1.0,3.0
2472,20145103,1.0,1.0,0.0
2473,20150862,1.0,1.0,3.0
2474,20156360,1.0,1.0,0.0
2475,20156241,1.0,1.0,0.0
2476,20155601,1.0,1.0,3.0
2477,20157197,1.0,1.0,3.125
2478,20157121,1.0,1.0,0.0
2479,20142884,1.0,1.0,3.75
2480,20156321,1.0,1.0,3.0
2481,20145281,1.0,1.0,3.0
2482,20150565,1.0,1.0,3.2857142857142856
2483,20159223,1.0,1.0,3.0
2484,20144183,1.0,1.0,3.0
2485,20155562,1.0,1.0476190476190477,3.0
2486,20143045,1.0,1.0,0.0
2487,20162568,1.0,1.0,0.0
2488,20157782,1.0,1.0,3.0
2489,20141598,1.0,1.0,3.0
2490,20159221,1.0,1.0,0.0
2491,20155646,1.0,1.0,0.0
2492,20147803,1.0,1.0,3.0
2493,20150255,1.0,1.0,0.0
2494,20157394,1.0,1.0,3.0
2495,20157021,1.0,1.0,0.0
2496,20149264,1.0,1.0,0.0
2497,20151623,1.0,1.0,0.0
2498,20159001,1.0,1.0,3.0
2499,20151821,1.0,1.0416666666666667,3.0
2500,20157001,1.0,1.0,0.0
2501,20157584,1.0,1.0,3.0
2502,20151482,1.0,1.0,3.0
2503,20155022,1.0,1.1481481481481481,3.0
2504,20143942,1.0,1.0416666666666667,3.0
2505,20151202,1.0,1.0,3.0
2506,20145402,1.0,1.0,3.0
2507,20156101,1.0,1.0,0.0
2508,20151302,1.0,1.0,0.0
2509,20152121,1.0,1.0,3.0
2510,20133681,1.0,1.0,3.0
2511,20144323,1.0,1.0,3.0
2512,20143502,1.0,1.1428571428571428,3.0
2513,20153522,1.0,1.0736842105263158,3.0
2514,20156047,1.0,1.0,0.0
2515,20150061,1.0,1.0,3.0
2516,20140207,1.0,1.0,0.0
2517,20140190,1.0,1.0,3.0
2518,20158484,1.0,1.0,0.0
2519,20159521,1.0,1.0,3.0
2520,20157421,1.0,1.1481481481481481,3.0
2521,20155725,1.0,1.0,3.0
2522,20141702,1.0,1.0,3.0
2523,20159901,1.0,1.0,3.0
2524,20144927,1.0,1.0,3.0
2525,20155057,1.0,1.0,0.0
2526,20154734,1.0,1.0,0.0
2527,20149298,1.0,1.0,3.0
2528,20147130,1.0,1.25,3.0
2529,20143922,1.0,1.0,3.0
2530,20150841,1.0,1.0,3.0
2531,20153982,1.0,1.0,3.0
2532,20144522,1.0,1.0,0.0
2533,20154207,1.0,1.0,3.0
2534,20153422,1.0,1.0,3.333333333333333
2535,20154323,1.0,1.0,3.0
2536,20158518,1.0,1.0,0.0
2537,20143983,1.0,1.0,3.0
2538,20142241,1.0,1.0,0.0
2539,20142282,1.0,1.0,0.0
2540,20151901,1.0,1.0,4.0
2541,20152962,1.0,1.0,3.0
2542,20145507,4.0,3.0,6.6
2543,20159364,4.0,2.111111111111111,6.5
2544,20153781,2.0,1.161764705882353,5.142857142857142
2545,20155422,1.0,2.111111111111111,0.0
2546,20157042,1.0,1.0,0.0
2547,20163215,1.0,1.2153846153846153,3.0
2548,20151884,1.0,1.0,3.090909090909091
2549,20156207,1.0,1.0736842105263158,0.0
2550,20068576,1.0,1.0,3.0
2551,20145396,1.0,1.0,3.0
2552,20159199,1.0,1.0543478260869565,3.666666666666667
2553,20158984,1.0,1.0736842105263158,3.7
2554,20163137,1.0,1.0,0.0
2555,20153087,1.0,1.1,3.0
2556,20162704,1.0,1.0,0.0
2557,20151021,1.0,1.75,3.0
2558,20159643,1.0,1.0,3.0
2559,20161881,1.0,1.0736842105263158,0.0
2560,20162300,1.0,1.0,3.0
2561,20150902,1.0,1.0,3.0
2562,20162161,1.0,1.0,3.0
2563,20150725,1.0,1.1481481481481481,3.0
2564,20161745,1.0,1.0736842105263158,3.0
2565,20162542,1.0,1.0,0.0
2566,20162569,1.0,1.0192307692307692,3.0
2567,20163164,1.0,1.0,0.0
2568,20162461,1.0,1.0,0.0
2569,20161968,1.0,1.0416666666666667,0.0
2570,20161382,1.0,1.0,0.0
2571,20162925,1.0,1.0,0.0
2572,20162431,1.0,1.0,0.0
2573,20150456,1.0,1.0,3.0
2574,20162001,1.0,1.0736842105263158,3.0
2575,20165042,1.0,1.0,3.5
2576,20163182,1.0,1.0,3.0
2577,20163322,1.0,1.0,3.0
2578,19818004,1.0,1.0,3.0
2579,20161842,1.0,1.0,0.0
2580,20163411,1.0,1.0736842105263158,3.0
2581,20162063,1.0,1.0,3.5
2582,20158888,1.0,1.0416666666666667,0.0
2583,20161941,1.0,1.0,3.0
2584,20161722,1.0,1.0,3.0
2585,20165141,1.0,1.0,3.0
2586,20161461,1.0,1.0,0.0
2587,20158982,1.0,1.0,3.333333333333333
2588,20164747,1.0,1.0,3.0
2589,20152541,1.0,1.0,3.0
2590,20154902,1.0,1.0,3.0
2591,20156083,1.0,1.0,0.0
2592,20156080,1.0,1.0,3.166666666666667
2593,20161598,1.0,1.0,0.0
2594,20164387,1.0,1.0,3.0
2595,20159965,1.0,1.0,0.0
2596,20155174,1.0,1.0,0.0
2597,20157441,1.0,1.0,3.0
2598,20163441,1.0,1.0,3.0
2599,20162101,1.0,1.0,0.0
