,movieCd,movieNm,star_score,star_user_count
0,20030371.0,태극기 휘날리며,9.62,77
1,20040555.0,트로이,9.19,21
2,20040673.0,내 머리 속의 지우개,8.0,36
3,20040649.0,귀신이 산다,8.8,10
4,20159748.0,투모로우랜드,8.98,136
5,20148807.0,엣지 오브 투모로우,9.22,366
6,20040628.0,우리 형,8.31,14
7,20040598.0,해리포터와 아즈카반의 죄수,8.83,48
8,20040566.0,슈렉2,7.35,17
9,20030410.0,실미도,7.68,29
10,20135661.0,어메이징 스파이더맨 2,9.03,697
11,20040491.0,스파이더맨 2,10.0,6
12,20040596.0,바람의 파이터,9.0,11
13,20040721.0,오페라의 유령,8.31,16
14,20040568.0,내 여자친구를 소개합니다,6.95,43
15,20040576.0,늑대의 유혹,7.92,118
16,20150972.0,굿바이 싱글,9.39,1308
17,20060123.0,가족의 탄생,9.3,95
18,20040617.0,시실리 2km,7.38,8
19,20040597.0,"아이, 로봇",9.33,24
20,20040641.0,S 다이어리,6.0,8
21,20040613.0,알포인트,8.85,27
22,20070023.0,어깨 너머의 연인,7.43,46
23,20060068.0,"달콤, 살벌한 연인",8.89,282
24,20040743.0,브리짓 존스의 일기2 : 열정과 애정,6.67,6
25,20040481.0,어린 신부,8.0,15
26,20040631.0,터미널,9.38,14
27,20040756.0,하울의 움직이는 성,9.2,195
28,20040700.0,나비효과,10.0,3
29,20040682.0,역도산,7.0,6
30,20040487.0,범죄의 재구성,0.0,1
31,20040580.0,반 헬싱,9.11,9
32,20040695.0,이프 온리,8.72,78
33,20040657.0,여선생 VS 여제자,7.92,12
34,20040525.0,패션 오브 크라이스트,8.61,28
35,20040488.0,아라한 장풍대작전,7.75,8
36,20040573.0,킹 아더,7.8,5
37,20040585.0,내 남자의 로맨스,4.5,2
38,20040483.0,효자동 이발사,0.0,0
39,20040583.0,아는 여자,8.72,62
40,20040595.0,"달마야, 서울 가자",5.0,1
41,20040612.0,신부수업,4.5,2
42,20040717.0,블레이드 3,10.0,1
43,20040619.0,슈퍼스타 감사용,8.7,27
44,20040745.0,인크레더블,8.5,52
45,20080830.0,인크레더블 헐크,8.92,157
46,20149511.0,분신사바 2,7.72,79
47,20040593.0,분신사바,6.29,7
48,20030433.0,말죽거리 잔혹사,7.92,14
49,20040655.0,콜래트럴,8.5,4
50,20040567.0,투 가이즈,8.25,8
51,20040659.0,돈 텔 파파,6.83,12
52,20040624.0,누구나 비밀은 있다,5.4,5
53,20040651.0,꽃피는 봄이 오면,8.1,10
54,20040642.0,80일간의 세계 일주,9.17,6
55,20040515.0,인어 공주,1.0,2
56,20030413.0,목포는 항구다,6.67,3
57,20040734.0,노트북,9.71,34
58,20030316.0,반지의 제왕 : 왕의 귀환,9.31,68
59,20040650.0,빌리지,6.5,6
60,20040498.0,그놈은 멋있었다,4.8,50
61,20040615.0,본 슈프리머시,9.62,8
62,20040696.0,레지던트 이블 2-아포칼립스,8.56,9
63,20040625.0,얼굴 없는 미녀,7.0,2
64,20040656.0,세상의 중심에서 사랑을 외치다,8.39,38
65,20040670.0,맨 온 파이어,9.5,8
66,20030430.0,라스트 사무라이,10.0,8
67,20040446.0,그녀를 믿지 마세요,8.95,20
68,20030435.0,내사랑 싸가지,3.83,36
69,20040618.0,리딕 - 헬리온 최후의 빛,10.0,7
70,20119137.0,가필드 펫 포스 3D,7.5,16
71,20090062.0,가필드-마법의 샘물,8.28,18
72,20060194.0,가필드 2,8.76,34
73,20040616.0,가필드,7.75,4
74,20040706.0,알렉산더,8.14,14
75,20150977.0,좋아해줘,9.17,365
76,20153182.0,썸니아,8.81,21
77,20090683.0,500일의 썸머,9.38,109
78,20060164.0,착신아리 파이널,8.15,100
79,20050072.0,착신아리2,7.28,18
80,20040482.0,맹부삼천지교,6.0,3
81,20040484.0,하류인생,8.5,6
82,20040614.0,인형사,7.5,4
83,20040748.0,폴라 익스프레스,8.37,41
84,20040715.0,포가튼,6.88,8
85,20040559.0,나두야 간다,10.0,1
86,20040669.0,캣우먼,6.4,5
87,20040526.0,첫키스만 50번째,8.83,18
88,20040471.0,어디선가 누군가에 무슨일이 생기면 틀림없이 나타난다 홍반장,5.75,4
89,20080010.0,에이리언 VS 프레데터2 ,9.3,342
90,20040648.0,에이리언 VS 프레데터,8.29,17
91,20040637.0,쓰리 몬스터,7.5,4
92,20040610.0,화씨 911,7.0,6
93,20040676.0,스텝포드 와이프,10.0,1
94,20040752.0,까불지마,7.82,11
95,20040569.0,디 아이2,5.67,6
96,20040570.0,옹박 - 무에타이의 후예,9.56,9
97,20030420.0,동해물과 백두산이,4.0,3
98,20040442.0,피터 팬,10.0,10
99,20040467.0,사랑할 때 버려야 할 아까운 것들,7.0,5
100,20040556.0,킬 빌2,0.0,1
101,20070549.0,내셔널 트레져:비밀의 책,9.06,157
102,20040755.0,내셔널 트레져,8.08,12
103,20040443.0,페이첵,7.0,3
104,20040685.0,프린세스 다이어리 2,9.0,11
105,20040690.0,2046,6.2,5
106,20040456.0,어깨동무,0.0,0
107,20040489.0,여자는 남자의 미래다,7.0,1
108,20040623.0,헬보이,8.89,9
109,20081332.0,헬보이 2 : 골든 아미,9.28,113
110,20040553.0,새벽의 저주,9.41,17
111,20040689.0,비포 선셋,9.07,14
112,20040738.0,"DMZ, 비무장지대",5.5,10
113,20158981.0,하나와 앨리스: 살인사건,9.1,41
114,20040704.0,하나와 앨리스,7.31,16
115,20040499.0,저지 걸,6.25,4
116,20040716.0,모터사이클 다이어리,6.83,6
117,20040581.0,퀸카로 살아남는 법,9.27,12
118,20040672.0,발레 교습소,7.9,30
119,20040591.0,데스티네이션 2,10.0,5
120,20040496.0,아홉살 인생,8.9,39
121,20040711.0,화이트 칙스,8.5,18
122,20040731.0,엑소시스트: 더 비기닝,5.0,4
123,20040462.0,빅 피쉬,9.21,30
124,20040688.0,빈집,7.2,5
125,20040723.0,사랑에 빠지는 아주 특별한 법칙,8.0,1
126,20040680.0,21 그램,8.0,3
127,20040608.0,거미숲,9.0,5
128,20136810.0,러브액츄얼리: 크리스마스 에디션,9.11,37
129,20030404.0,러브 액츄얼리,9.11,37
130,20040663.0,노 브레인 레이스,0.0,0
131,20154242.0,몬스터 호텔 2,9.43,451
132,20155441.0,몬스터 헌트,7.27,160
133,20040441.0,빙우,0.0,0
134,20149307.0,로코왕국의 전설: 엘프킹을 찾아서,9.07,14
135,20040461.0,콜드 마운틴,9.4,10
136,20040766.0,여고생 시집가기,3.43,102
137,20040582.0,내 남자 친구는 왕자님,10.0,2
138,20040472.0,귀여워,3.25,4
139,20040654.0,진주 귀걸이를 한 소녀,8.92,12
140,20040750.0,신석기 블루스,5.5,2
141,20040486.0,마지막 늑대,0.0,0
142,20040600.0,프레디 대 제이슨-13일의 금요일11,7.5,6
143,20040694.0,완벽한 그녀에게 딱 한가지 없는 것,10.0,1
144,20040586.0,돌려차기,8.56,25
145,20040739.0,신암행어사,7.69,13
146,20030434.0,안녕! 유에프오,0.0,0
147,20040703.0,"조제, 호랑이 그리고 물고기들",8.14,73
148,20040524.0,테이킹 라이브즈,1.0,1
149,20040522.0,폴리와 함께,0.0,0
150,20040509.0,모나리자 스마일,8.4,5
151,20113920.0,토르: 마법망치의 전설,8.78,122
152,20040565.0,망치,10.0,1
153,20040476.0,사랑도 통역이 되나요?,6.33,4
154,20040607.0,갓센드,7.0,1
155,20030426.0,더 캣,9.86,7
156,20030439.0,그녀를 모르면 간첩,4.71,14
157,20040519.0,히달고,7.5,4
158,20040732.0,팜므 파탈,10.0,1
159,20040550.0,헌티드 맨션,6.5,2
160,20040447.0,스쿨 오브 락,8.84,51
161,20040746.0,서바이빙 크리스마스,0.0,0
162,20040533.0,인 더 컷,0.0,1
163,20040588.0,레이디킬러,10.0,1
164,20040521.0,더티 댄싱 - 하바나 나이트,8.0,2
165,20030440.0,자토이치,0.0,1
166,20040528.0,고티카,0.0,0
167,20100330.0,런어웨이즈,9.55,51
168,20040448.0,타임라인,8.5,2
169,20040730.0,영 아담,0.0,0
170,20040584.0,대단한 유혹,10.0,1
171,20040549.0,천공의 성 라퓨타,8.7,45
172,20040647.0,도마 안중근,3.63,30
173,20040666.0,나쁜 교육,10.0,2
174,20040543.0,스쿠비-두2 : 몬스터 대소동,10.0,2
175,20030350.0,올드보이,8.76,21
176,20040532.0,셧업,10.0,2
177,20040513.0,내 생애 최고의 데이트,1.0,1
178,20040479.0,휴먼 스테인,0.0,0
179,20030436.0,브라더 베어,10.0,4
180,20040712.0,미치고 싶을 때,10.0,1
181,20040544.0,스타스키와 허치,0.0,0
182,20060007.0,열두명의 웬수들2,9.4,15
183,20040460.0,열두명의 웬수들 ,10.0,2
184,20040677.0,웨일 라이더,0.0,0
185,20070010.0,마강호텔,5.71,118
186,20100979.0,검우강호,8.11,94
187,20159582.0,엘리펀트 송,8.86,14
188,20135365.0,코비: 블루 엘리펀트의 전설,9.57,100
189,20030206.0,베이직,10.0,1
190,20040465.0,러브 미 이프 유 대어,7.09,11
191,20040761.0,룩 앳 미,5.0,1
192,20040480.0,고독이 몸부림칠 때,0.0,0
193,20145502.0,남과 여,8.49,261
194,20050180.0,웰컴 투 동막골,8.61,594
195,20050219.0,가문의 위기(가문의 영광2),6.53,362
196,20040785.0,말아톤,9.29,188
197,20050310.0,해리포터와 불의 잔,9.46,1396
198,20081718.0,로맨틱 아일랜드,9.44,81
199,20040786.0,공공의 적 2,8.14,74
200,20050148.0,친절한 금자씨,8.44,915
201,20122785.0,롤러코스터,8.9,346
202,20050326.0,태풍,0.0,0
203,20050113.0,미스터 & 미세스 스미스,8.96,150
204,20050239.0,너는 내 운명,10.0,2
205,20050137.0,우주전쟁,9.18,11
206,20060407.0,마파도2,6.78,165
207,20050232.0,내 생애 가장 아름다운 일주일,8.74,202
208,20090336.0,킹콩을 들다,8.54,218
209,20050324.0,킹콩,8.0,6
210,20050178.0,박수칠 때 떠나라,8.44,201
211,20050292.0,광식이 동생 광태,8.52,79
212,20050076.0,혈의 누,8.93,187
213,20050077.0,댄서의 순정,8.86,487
214,20050010.0,콘스탄틴,9.15,134
215,20050013.0,잠복근무,7.19,26
216,20050110.0,연애의 목적,8.32,141
217,20050085.0,스타워즈 에피소드3 - 시스의복수,9.5,384
218,20050049.0,주먹이 운다(Crying Fist),8.51,131
219,20149859.0,마다가스카의 펭귄,9.63,188
220,20124136.0,마다가스카3 : 이번엔 서커스다!,9.05,153
221,20050140.0,마다가스카,9.14,122
222,20081791.0,마다가스카 2,9.46,148
223,20050261.0,야수와 미녀,8.56,140
224,20050064.0,간 큰 가족,7.04,105
225,20050225.0,찰리와 초콜릿 공장,9.53,494
226,20050330.0,작업의 정석,8.02,364
227,20050078.0,킹덤 오브 헤븐,9.05,110
228,20050008.0,B형 남자친구,6.07,145
229,20050280.0,미스터 소크라테스,8.27,108
230,20050083.0,연애술사,7.86,129
231,20050011.0,파송송 계란탁,7.67,100
232,20050141.0,천군,7.58,278
233,20050045.0,"안녕, 형아",8.78,104
234,20050216.0,형사; Duelist,7.11,341
235,20050256.0,새드무비,8.62,342
236,20050046.0,남극일기,8.46,303
237,20050112.0,배트맨 비긴즈,8.73,150
238,20050271.0,오로라 공주,7.61,116
239,20050233.0,강력 3반,8.4,136
240,20040776.0,쿵푸 허슬,9.33,24
241,20040774.0,몽정기2,3.2,127
242,20048103.0,오션스 트웰브,7.67,12
243,20040779.0,레모니 스니켓의 위험한 대결,8.57,44
244,20050028.0,밀리언 달러 베이비 ,8.49,84
245,20050291.0,그림형제 : 마르바덴 숲의 전설,8.25,105
246,20050333.0,왕의 남자,9.37,3796
247,20136049.0,숨바꼭질,9.1,683
248,20050255.0,플라이트 플랜,8.59,81
249,20050189.0,"이대로, 죽을 순 없다(Short Time)",7.3,105
250,20050305.0,나의 결혼원정기,9.21,103
251,20050338.0,"나니아 연대기-사자,마녀 그리고 옷장",9.01,729
252,20040749.0,에비에이터,8.33,55
253,20050033.0,Mr.히치: 당신을 위한 데이트 코치,8.28,25
254,20050318.0,6월의 일기,8.75,153
255,20157531.0,판타스틱 4,8.06,1504
256,20070059.0,판타스틱 4: 실버 서퍼의 위협,7.42,273
257,20050145.0,판타스틱4,8.45,199
258,20050087.0,그루지,7.02,58
259,20060310.0,그루지 2,7.24,54
260,20090480.0,그루지 3,4.73,15
261,20050288.0,무영검,8.23,148
262,20050258.0,신화 : 진시황릉의 비밀,8.46,313
263,20050160.0,가발,8.0,103
264,20040775.0,키다리 아저씨,9.0,2
265,20050222.0,신데렐라맨,9.06,124
266,20050142.0,여고괴담 4 : 목소리,6.23,105
267,20050037.0,호스티지,8.8,50
268,20040705.0,월드 오브 투모로우,6.38,9
269,20050278.0,월래스와 그로밋 : 거대토끼의 저주,9.77,74
270,20050276.0,"사랑해, 말순씨",7.85,54
271,20050186.0,옹박 : 두번째 미션,9.04,355
272,20040790.0,뉴 폴리스 스토리,8.85,13
273,20050237.0,미스터 주부퀴즈왕,8.71,93
274,20134069.0,씬 시티: 다크히어로의 부활,9.25,268
275,20050084.0,씬 시티,8.76,99
276,20050221.0,나이트 플라이트,8.71,58
277,20050263.0,레전드 오브 조로,9.04,49
278,20100103.0,셔터 아일랜드,9.38,111
279,20050129.0,셔터,7.58,71
280,20050238.0,칠검,7.89,131
281,20050185.0,애프터 선셋,8.85,214
282,20050069.0,인터프리터,9.29,14
283,20050319.0,저스트 라이크 헤븐,8.88,41
284,20081681.0,쏘우 V,8.07,175
285,20101011.0,쏘우 3D,9.2,184
286,20050014.0,쏘우,9.0,4
287,20090833.0,쏘우-여섯번의 기회,8.42,121
288,20050351.0,쏘우 2,9.05,229
289,20060354.0,쏘우 3,9.45,278
290,20070593.0,쏘우 4,8.67,272
291,20050034.0,미트 페어런츠2,7.83,6
292,20050205.0,그녀는 요술쟁이,9.0,48
293,20050332.0,파랑주의보,6.66,297
294,20050117.0,pm 11:14,8.15,41
295,20050101.0,하우스 오브 왁스,8.35,51
296,20050342.0,청연,5.51,613
297,20040798.0,클로저,8.69,16
298,20040793.0,"제니, 주노",3.3,1014
299,20050257.0,케이브,7.74,38
300,20050322.0,프라임 러브,9.0,8
301,20050283.0,"소년, 천국에 가다",8.81,58
302,20070041.0,텍사스 전기톱 연쇄살인사건 : 0,7.32,28
303,20040638.0,텍사스 전기톱 연쇄살인사건,7.76,59
304,20050004.0,네버랜드를 찾아서,9.42,57
305,20050074.0,밀리언즈,7.25,12
306,20050082.0,이터널 선샤인,9.39,133
307,20050042.0,"지금, 만나러 갑니다",8.32,242
308,20050190.0,첼로-홍미주 일가 살인사건,7.73,96
309,20050092.0,"우리, 사랑일까요?",8.91,23
310,20050207.0,크림슨 리버2,6.96,24
311,20050048.0,미스 에이전트2 : 라스베가스 잠입사건,9.0,14
312,20050250.0,당신이 사랑하는 동안에,8.71,51
313,20050245.0,사랑니,7.53,129
314,20163981.0,극장판 유희왕 더 다크 사이드 오브 디멘션즈,9.66,462
315,20119600.0,극장판 유희왕 : 시공을 초월한 우정,9.77,383
316,20050039.0,유희왕,7.81,70
317,20050108.0,게스후,8.69,32
318,20050249.0,날 미치게하는 남자,7.72,47
319,20050016.0,나인 야드 2,5.91,11
320,20050290.0,로드 오브 워,9.18,38
321,20148845.0,스물,9.03,818
322,20100256.0,내 깡패 같은 애인,8.78,74
323,20050027.0,코러스,8.66,92
324,20040702.0,윔블던,8.33,12
325,20040687.0,아나콘다2 : 사라지지 않는 저주,9.38,16
326,20050259.0,트랜스포터 엑스트림,9.0,30
327,20050130.0,어썰트 13,8.14,7
328,20050131.0,아미티빌 호러,8.5,10
329,20050229.0,4 브라더스,7.0,17
330,20040713.0,"나를 책임져, 알피",10.0,2
331,20050289.0,엘리자베스타운,9.55,29
332,20050218.0,랜드 오브 데드,8.98,49
333,20050176.0,부기맨,6.64,42
334,20050163.0,왕후 심청,8.28,71
335,20050061.0,코치 카터,9.05,38
336,20050331.0,"우리, 사랑해도 되나요?",8.68,19
337,20050126.0,패시파이어,7.08,24
338,20040797.0,마더 데레사,9.8,10
339,20050143.0,스팀보이,7.27,11
340,20040781.0,피닉스,0.0,0
341,20040792.0,큐브 제로,7.36,12
342,20050191.0,오픈 워터,3.66,90
343,20070502.0,오다기리 죠의 도쿄타워,5.5,2
344,20050165.0,허비,9.22,37
345,20050182.0,스켈리톤 키,7.71,21
346,20050095.0,킨제이 보고서,6.58,19
347,20040751.0,"여자, 정혜",8.04,25
348,20050058.0,화이트 노이즈,6.75,8
349,20050106.0,극장전,8.37,19
350,20040741.0,래더 49,8.07,14
351,20150385.0,닌자터틀 : 어둠의 히어로,9.16,454
352,20050147.0,샤크보이와 라바걸의 모험 : 3-D,7.92,13
353,20050041.0,인게이지먼트,9.85,20
354,20152870.0,에스엠타운 더 스테이지,8.88,126
355,20050009.0,몽상가들,7.94,18
356,20040777.0,베니티 페어,6.2,5
357,20050286.0,블루스톰,8.84,44
358,20050093.0,폼포코 너구리 대작전,9.57,7
359,20050023.0,사이드웨이,8.4,5
360,20050105.0,세컨핸드 라이온스,9.0,22
361,20040626.0,그리스 로마신화 - 올림포스 가디언 - 기간테스 대역습,6.5,6
362,20050107.0,은하수를 여행하는 히치하이커를 위한 안내서,9.44,25
363,20050202.0,불량공주 모모코,6.82,77
364,20050304.0,천국의 아이들 2 - 시험보는 날,8.7,20
365,20050035.0,69 식스티 나인,8.16,38
366,20050197.0,종려나무 숲,8.87,55
367,20050282.0,러브토크,9.4,15
368,20050063.0,거북이도 난다,5.24,17
369,20050321.0,브로큰 플라워,8.2,5
370,20050285.0,레알,8.79,19
371,20050111.0,녹색의자,8.71,14
372,20050274.0,골!,8.56,34
373,20050226.0,토니 타키타니,8.67,10
374,20050303.0,용서받지 못한 자,5.57,8
375,20060151.0,괴물,8.79,3027
376,20123383.0,화이: 괴물을 삼킨 아이,9.24,680
377,20157175.0,괴물의 아이,9.63,131
378,20060277.0,타짜,10.0,6
379,20134804.0,타짜-신의 손,4.37,3474
380,20060107.0,미션 임파서블 3,8.2,240
381,20050363.0,투사부일체,7.76,1654
382,20060146.0,캐리비안의 해적 : 망자의 함,9.65,1262
383,20060147.0,한반도,6.49,811
384,20100215.0,점박이:한반도의 공룡3D,8.94,256
385,20060387.0,미녀는 괴로워,8.16,883
386,20090234.0,천사와 악마,9.3,234
387,20060117.0,다빈치 코드,8.79,829
388,20060257.0,가문의 부활 - 가문의 영광3,5.21,444
389,20060244.0,우리들의 행복한 시간,9.49,1212
390,20060319.0,박물관이 살아있다!,9.18,358
391,20050355.0,음란서생,8.02,286
392,20060005.0,맨발의 기봉이,8.66,383
393,20060137.0,비열한 거리,10.0,2
394,20060136.0,엑스맨 : 최후의 전쟁,9.33,325
395,20060100.0,사생결단,10.0,2
396,20060148.0,수퍼맨 리턴즈,8.02,228
397,20090078.0,구세주 2,6.81,81
398,20060019.0,구세주,6.54,205
399,20060284.0,라디오 스타,8.4,382
400,20060051.0,청춘만화,8.65,333
401,20060017.0,흡혈형사 나도열,7.96,513
402,20060292.0,거룩한 계보,7.97,275
403,20060264.0,악마는 프라다를 입는다,8.78,213
404,20060353.0,해바라기,10.0,28
405,20151964.0,명탐정 코난 : 화염의 해바라기,9.65,366
406,20060214.0,각설탕,8.76,1000
407,20157223.0,해피 홀리데이,9.3,101
408,20060348.0,로맨틱 홀리데이,9.02,86
409,20060370.0,중천,7.62,1049
410,20050346.0,싸움의 기술,8.54,320
411,20060197.0,몬스터 하우스,9.39,95
412,20060134.0,짝패,8.52,236
413,20060157.0,아랑,8.61,121
414,20060018.0,빨간모자의 진실,9.2,202
415,20090922.0,빨간모자의 진실 2,7.79,201
416,20050350.0,데이지,7.84,526
417,20060033.0,오만과 편견,10.0,4
418,20050362.0,게이샤의 추억,7.44,291
419,20060130.0,헷지,9.35,183
420,20050345.0,야수,8.23,564
421,20060279.0,마음이...,9.16,504
422,20060358.0,007 카지노 로얄,7.2,134
423,20060225.0,예의없는 것들,9.08,438
424,20060046.0,방과후 옥상,6.33,148
425,20060241.0,일본침몰,6.3,966
426,20060016.0,뮌헨,8.27,231
427,20050359.0,무극,7.04,365
428,20060356.0,싸이보그지만 괜찮아,7.74,993
429,20060369.0,Mr.로빈 꼬시기,6.61,166
430,20060405.0,데스노트 : 라스트 네임,8.57,822
431,20060301.0,데스노트,7.63,1053
432,20080062.0,데스노트 L: 새로운 시작,8.1,1233
433,20050344.0,여교수의 은밀한 매력,6.32,209
434,20060288.0,가을로,9.6,591
435,20060222.0,천하장사 마돈나,7.87,255
436,20060357.0,조폭마누라3,5.85,306
437,20060299.0,원피스 - 기계태엽성의 메카거병,9.16,130
438,20060242.0,"연애, 그 참을 수 없는 가벼움",6.89,127
439,20060015.0,백만장자의 첫사랑,7.88,1142
440,20060224.0,신데렐라,9.0,2
441,20060337.0,디파티드,8.79,131
442,20060031.0,언더월드2 - 에볼루션,8.61,155
443,20060210.0,스승의 은혜,8.19,300
444,20060160.0,아파트,0.0,0
445,20060396.0,올드미스다이어리,9.0,378
446,20050364.0,치킨리틀,8.86,233
447,20060283.0,애정결핍이 두 남자에게 미치는 영향,7.77,146
448,20060057.0,뻔뻔한 딕&제인,8.89,84
449,20060218.0,다세포소녀,3.2,4474
450,20060347.0,판의 미로 - 오필리아와 세 개의 열쇠,8.47,193
451,20050354.0,사랑을 놓치다,8.98,281
452,20060261.0,열혈남아,1.0,1
453,20060124.0,호로비츠를 위하여,9.07,304
454,20060340.0,프레스티지,9.54,150
455,20113911.0,해피 피트 2,9.74,70
456,20060318.0,해피 피트,9.43,76
457,20060048.0,브이 포 벤데타,8.86,128
458,20060191.0,플라이 대디,7.39,2455
459,20060316.0,사랑 따윈 필요 없어,6.69,407
460,20060219.0,마이애미 바이스,0.0,0
461,20060245.0,원탁의 천사,8.18,820
462,20060229.0,아이스케키,8.51,172
463,20060258.0,야연,8.43,84
464,20060085.0,도마뱀,8.24,153
465,20149930.0,스텝 업: 올 인,9.42,316
466,20126448.0,스텝업4 : 레볼루션,9.82,107
467,20100382.0,스텝 업 3D,9.66,188
468,20060334.0,스텝 업,9.1,98
469,20080149.0,스텝업 2 : 더 스트리트,9.44,115
470,20060156.0,럭키 넘버 슬레븐,9.13,46
471,20090572.0,파이널 데스티네이션 4,8.88,80
472,20060113.0,파이널 데스티네이션,8.67,138
473,20112050.0,파이널 데스티네이션5,8.0,81
474,20060135.0,모노폴리,9.03,261
475,20060352.0,누가 그녀와 잤을까?,4.79,357
476,20060259.0,BB프로젝트,9.4,129
477,20060280.0,잔혹한 출근,8.29,96
478,20060231.0,뚝방전설,7.58,261
479,20060056.0,원초적 본능 2,7.75,131
480,20060050.0,무인 곽원갑,9.04,156
481,20060262.0,월드 트레이드 센터,8.32,87
482,20060087.0,인사이드 맨,8.26,23
483,20060338.0,그해 여름,8.4,99
484,20060202.0,유실물,7.51,138
485,20060089.0,식스틴블럭,8.42,24
486,20060080.0,드리머,8.91,105
487,20060038.0,웨딩 크래셔,8.89,38
488,20060223.0,겁나는 여친의 완벽한 비밀,8.33,85
489,20060090.0,아이스 에이지 2,9.44,129
490,20060022.0,가부와 메이 이야기,9.6,118
491,20060291.0,잘 살아보세,8.33,104
492,20060364.0,저스트 프렌드,8.18,28
493,20060125.0,"생, 날선생",7.06,123
494,20060237.0,앤트 불리,8.87,31
495,20060234.0,"두뇌유희프로젝트, 퍼즐",8.71,56
496,20122803.0,파이스토리 : 악당상어 소탕작전,9.17,126
497,20060180.0,파이스토리,9.21,197
498,20060093.0,국경의 남쪽,8.67,113
499,20090210.0,13구역: 얼티메이텀,9.68,87
500,20060240.0,13구역,8.7,130
501,20060220.0,"사랑하니까, 괜찮아",6.01,426
502,20050360.0,내니맥피-우리 유모는 마법사,8.75,71
503,20060212.0,게드전기 : 어스시의 전설,8.28,288
504,20060040.0,브로크백 마운틴,9.15,272
505,20060339.0,사랑할 때 이야기하는 것들,8.98,54
506,20060311.0,어느 멋진 순간,8.55,29
507,20060042.0,앙코르,9.54,39
508,20060173.0,패스트 앤 퓨리어스 도쿄 드리프트,8.11,45
509,20060192.0,사일런트 힐,8.74,160
510,20060373.0,조용한 세상,9.14,74
511,20060112.0,공필두,5.13,52
512,20060247.0,해변의 여인,10.0,1
513,20060052.0,엑소시즘 오브 에밀리 로즈,8.84,38
514,20060025.0,손님은 왕이다,8.5,125
515,20050361.0,투 브라더스,9.18,179
516,20149317.0,가디언즈 오브 갤럭시,9.34,293
517,20060070.0,구타유발자들,7.98,97
518,20060272.0,구미호 가족,6.69,61
519,20060024.0,파이어월,8.07,28
520,20060140.0,레이크 하우스,8.74,107
521,20060204.0,포켓몬 레인저와 바다의 왕자 마나피,8.31,84
522,20060278.0,DOA,5.53,194
523,20060082.0,매치 포인트,9.0,3
524,20060232.0,센티넬,9.2,76
525,20060076.0,에디슨 시티,9.52,25
526,20060077.0,연리지,5.47,103
527,20060215.0,레이디 인 더 워터,8.3,79
528,20060088.0,마이 캡틴 김대출,9.52,84
529,20050313.0,아치와 씨팍,8.5,131
530,20060193.0,울트라바이올렛,8.28,88
531,20060006.0,메종 드 히미코,8.48,40
532,20050308.0,카리스마 탈출기,6.97,235
533,20050353.0,퍼햅스 러브,8.11,94
534,20060067.0,시리아나,7.63,30
535,20060119.0,개구리중사 케로로,8.49,41
536,20090226.0,케로로 더 무비: 드래곤 워리어,9.65,91
537,20149155.0,극장판 날아라! 호빵맨 : 바나나섬을 되찾아줘,9.86,14
538,20060233.0,플라이트93,6.72,32
539,20060075.0,달콤한 백수와 사랑만들기,6.76,17
540,20060155.0,이온 플럭스,0.0,0
541,20060276.0,무도리,8.07,58
542,20060084.0,"키리쿠, 키리쿠",9.5,4
543,20060207.0,2월 29일 - 어느날 갑자기 첫번째 이야기,7.34,29
544,20060388.0,네티비티 스토리-위대한 탄생,8.24,67
545,20060045.0,스윙걸즈,8.39,191
546,20060032.0,자투라:스페이스 어드벤쳐,8.59,39
547,20060139.0,하프 라이트,8.05,20
548,20060145.0,러닝 스케어드,8.88,41
549,20060179.0,밴디다스,8.51,35
550,20060185.0,유레루,8.95,59
551,20050352.0,당신이 그녀라면,7.23,22
552,20145021.0,와일드,9.06,34
553,20060343.0,무지개 여신,9.41,56
554,20060341.0,후회하지 않아,6.12,165
555,20060144.0,크립,8.5,40
556,20060208.0,네번째 층 - 어느날 갑자기 두번째 이야기,7.5,16
557,20060126.0,행운을 돌려줘!,9.56,48
558,20060037.0,스위트 룸,9.0,2
559,20060121.0,안소니 짐머,8.14,7
560,20060177.0,전차남,8.6,73
561,20161364.0,귀향,9.68,1492
562,20060095.0,콘스탄트 가드너,8.12,17
563,20060236.0,폭력써클,4.59,123
564,20060365.0,수면의 과학,9.17,35
565,20060227.0,D-day-어느날 갑자기 세번째 이야기,7.73,11
566,20060182.0,클림트,9.71,7
567,20060074.0,에이트 빌로우,8.83,90
568,20060178.0,내 남자의 유통기한,9.6,5
569,20060273.0,삼거리극장,8.3,61
570,20060010.0,알리바이,0.0,0
571,20060389.0,오래된 정원,8.83,77
572,20060200.0,내 청춘에게 고함,8.99,83
573,20060013.0,타임 투 리브,6.5,8
574,20060104.0,노스 컨츄리,9.57,7
575,20060083.0,내 곁에 있어줘,10.0,2
576,20060392.0,미스 리틀 선샤인,8.39,33
577,20060314.0,보리밭을 흔드는 바람,8.2,11
578,20060206.0,사이렌,10.0,1
579,20060023.0,박치기!,8.29,51
580,20060255.0,호텔 르완다,8.63,81
581,20060043.0,이니셜 D,8.03,35
582,20060158.0,사랑도 흥정이 되나요?,8.57,21
583,20060211.0,라스트 키스,9.0,3
584,20070316.0,디워,9.24,9210
585,20122021.0,트랜스포머: 사라진 시대,6.18,3556
586,20110659.0,트랜스포머 3,9.49,1803
587,20090303.0,트랜스포머: 패자의 역습,7.72,2603
588,20070061.0,트랜스포머,9.17,1210
589,20070209.0,화려한 휴가,8.45,1743
590,20070056.0,스파이더맨 3,10.0,10
591,20070057.0,캐리비안의 해적: 세상의 끝에서,9.76,2664
592,20070063.0,해리 포터와 불사조 기사단,9.22,1703
593,20070060.0,다이 하드 4 : 죽어도 산다,9.13,455
594,20070015.0,그놈 목소리,9.18,800
595,20090926.0,식객2 : 김치전쟁,8.6,271
596,20070435.0,식객,8.97,658
597,20147247.0,300: 제국의 부활,8.48,280
598,20070033.0,300,8.95,487
599,20070116.0,슈렉3,9.18,330
600,20070014.0,1번가의 기적,8.45,300
601,20070550.0,나는 전설이다,9.51,493
602,20070551.0,황금 나침반,8.98,310
603,20070434.0,바르게 살자,9.22,200
604,20070104.0,극락도 살인사건,8.81,266
605,20070466.0,세븐 데이즈,9.62,16
606,20090340.0,걸어도 걸어도,9.6,5
607,20070422.0,본 얼티메이텀,9.48,482
608,20070585.0,어거스트 러쉬,9.38,508
609,20070582.0,"색, 계",8.61,88
610,20060421.0,바람피기 좋은 날,7.22,140
611,20070637.0,색즉시공 시즌2,6.63,199
612,20070115.0,밀양,8.47,227
613,20070421.0,권순분여사 납치사건,8.16,276
614,20070020.0,복면달호,7.9,828
615,20070058.0,오션스 써틴,8.5,124
616,20070497.0,궁녀,0.0,0
617,20070205.0,검은 집,5.33,3
618,20070089.0,만남의 광장,7.79,145
619,20070380.0,즐거운 인생,8.33,6
620,20070128.0,황진이,5.33,6
621,20060417.0,최강로맨스,7.29,476
622,20070151.0,못말리는 결혼,8.22,159
623,20070084.0,이장과 군수,9.14,205
624,20140704.0,비밀은 없다,8.74,182
625,20070034.0,그 여자 작사 그 남자 작곡,9.53,105
626,20070367.0,지금 사랑하는 사람과 살고 있습니까?,7.15,136
627,20070264.0,라따뚜이,8.71,313
628,20070521.0,베오울프,8.01,136
629,20070083.0,향수 : 어느 살인자의 이야기,9.17,29
630,20070072.0,우아한 세계,9.09,239
631,20070021.0,김관장 대 김관장 대 김관장,7.18,255
632,20060345.0,에라곤,7.92,230
633,20070381.0,마이 파더,7.95,397
634,20070383.0,상사부일체,3.37,692
635,20090329.0,내 사랑 내 곁에,9.74,931
636,20070352.0,러시 아워 3,9.81,262
637,20060423.0,드림걸즈,9.08,101
638,20070379.0,두 얼굴의 여친,8.14,338
639,20070103.0,리핑 10개의 재앙,8.51,72
640,20070262.0,기담,7.69,187
641,20100286.0,귀 鬼,7.91,23
642,20060430.0,행복을 찾아서,9.34,149
643,20070294.0,디스터비아,8.95,120
644,20070250.0,해부학 교실,7.67,212
645,20101281.0,일루셔니스트,10.0,13
646,20119707.0,월드 인베이젼,8.7,377
647,20070424.0,인베이젼,8.38,85
648,20070640.0,용의주도 미스신,9.08,291
649,20070520.0,레지던트 이블 3 - 인류의 멸망,9.18,522
650,20070097.0,동갑내기 과외하기 레슨 2,6.69,354
651,20070113.0,더블타겟,10.0,5
652,20060425.0,사랑방 선수와 어머니,5.08,290
653,20159059.0,앨빈과 슈퍼밴드: 악동 어드벤처,9.57,286
654,20070562.0,앨빈과 슈퍼밴드,9.42,129
655,20113311.0,앨빈과 슈퍼밴드3,9.67,144
656,20090861.0,앨빈과 슈퍼밴드2,9.61,242
657,20070254.0,샴,0.0,0
658,20070586.0,마고리엄의 장난감 백화점,8.79,150
659,20060422.0,비밀의 숲 테라비시아,8.91,80
660,20070462.0,내니 다이어리,9.18,57
661,20147950.0,유아 넥스트,7.94,377
662,20060408.0,천년여우 여우비,8.85,436
663,20150020.0,사울의 아들,9.07,42
664,20060413.0,블러드 다이아몬드,8.47,77
665,20070107.0,내 생애 최악의 남자,5.66,151
666,20070071.0,넘버23,9.28,173
667,20070110.0,날아라 허동구,8.72,97
668,20070374.0,사랑의 레시피,8.67,30
669,20110312.0,미확인 동영상 : 절대클릭금지,8.52,565
670,20060397.0,클릭,9.5,28
671,20113890.0,고스트 라이더 : 복수의 화신,8.61,147
672,20070088.0,고스트 라이더,7.64,126
673,20060230.0,전설의 고향,7.02,200
674,20070610.0,싸움,7.62,378
675,20070545.0,열한번째 엄마,8.66,145
676,20060420.0,쏜다,8.03,110
677,20070635.0,헤어스프레이,10.0,2
678,20060409.0,미스 포터,9.4,73
679,20060375.0,샬롯의 거미줄,9.17,18
680,20070042.0,좋지 아니한가,8.87,137
681,20070504.0,스카우트,0.0,0
682,20071060.0,걸스카우트,8.15,39
683,20060391.0,묵공,8.59,295
684,20070117.0,서핑 업,9.29,41
685,20070096.0,눈부신 날에,8.86,132
686,20070317.0,1408,8.72,140
687,20070025.0,한니발 라이징,8.84,110
688,20070092.0,메신져 - 죽은자들의 경고,7.98,52
689,20151111.0,빌리와 용감한 녀석들: 치킨 히어로,9.55,143
690,20080379.0,포비든 킹덤: 전설의 마스터를 찾아서,9.47,254
691,20123483.0,문라이즈 킹덤 ,8.48,103
692,20070261.0,에반 올마이티,8.86,196
693,20070234.0,디센트,8.19,59
694,20100763.0,디센트: Part 2,6.7,84
695,20060282.0,브레이크 업 : 이별후애(愛),8.75,28
696,20070305.0,두 사람이다,9.04,141
697,20070064.0,"심슨가족, 더무비",9.54,490
698,20070456.0,비커밍 제인,9.31,68
699,20070642.0,아메리칸 갱스터,9.63,65
700,20070108.0,철없는 그녀의 아찔한 연애코치,8.0,23
701,20070454.0,원스,9.44,117
702,20080011.0,원스어폰어타임,8.02,146
703,20070013.0,아버지의 깃발,8.88,184
704,20060398.0,록키 발보아,9.47,268
705,20070124.0,닌자거북이 TMNT,9.1,68
706,20070029.0,블랙북,9.0,30
707,20080034.0,잠수종과 나비,9.9,10
708,20070474.0,더 버터플라이,8.05,20
709,20070348.0,죽어도 해피엔딩,7.59,92
710,20070643.0,헨젤과 그레텔,8.4,10
711,20070641.0,가면,10.0,2
712,20070555.0,골든 에이지,9.06,52
713,20070303.0,조디악,9.17,6
714,20122843.0,차이니즈 조디악,7.46,551
715,20070047.0,뷰티풀 선데이,8.57,72
716,20070257.0,므이,7.57,115
717,20153385.0,히트맨: 에이전트 47,8.47,259
718,20060403.0,언니가 간다,5.62,120
719,20070449.0,브레이브 원,0.0,0
720,20070543.0,로스트 라이온즈,9.48,48
721,20070208.0,택시 4,7.89,70
722,20070085.0,미스터 빈의 홀리데이,9.16,147
723,20070099.0,천년학,8.25,60
724,20070370.0,라파예트,9.48,66
725,20070499.0,마이클 클레이튼,8.35,23
726,20070102.0,빼꼼의 머그잔 여행,10.0,16
727,20070358.0,어머니는 죽지 않는다,7.54,28
728,20070391.0,미스터 브룩스,8.24,33
729,20070148.0,쉬즈 더 맨,8.49,59
730,20070465.0,블랙 달리아,9.58,81
731,20070037.0,페인티드 베일,9.5,20
732,20070091.0,마을금고 연쇄습격사건,7.81,43
733,20070173.0,눈물이 주룩주룩,8.62,116
734,20070268.0,파워레인저매직포스&트레저포스,6.25,69
735,20070522.0,라 비앙 로즈,9.0,24
736,20070055.0,로빈슨 가족,10.0,1
737,20070495.0,거침없이 쏴라! 슛뎀업 ,8.54,28
738,20070293.0,꽃미남 연쇄 테러 사건,4.75,3528
739,20070453.0,아드레날린24,7.27,66
740,20149248.0,선샤인 온 리스,8.55,220
741,20149397.0,할리데이,9.06,50
742,20070355.0,데쓰 프루프,8.48,52
743,20070049.0,굿셰퍼드,9.2,25
744,20070204.0,뜨거운녀석들,8.97,36
745,20070130.0,내일의 기억,8.85,20
746,20070100.0,상성: 상처받은 도시,8.94,32
747,20070636.0,데스 센텐스 ,9.29,28
748,20070393.0,브라보 마이 라이프,8.47,62
749,20070192.0,데스워터,6.64,104
750,20070353.0,"다만, 널 사랑하고 있어",9.29,219
751,20070008.0,스쿠프,8.76,42
752,20060418.0,"사랑해, 파리",9.36,50
753,20070216.0,시간을 달리는 소녀,8.89,75
754,20070420.0,척 앤 래리,9.33,24
755,20070035.0,훌라걸스,9.14,43
756,20070050.0,마하 2.6: 풀스피드,7.75,81
757,20070226.0,"뉴욕에서 온 남자, 파리에서 온 여자",6.22,9
758,20070068.0,타인의 삶,8.85,28
759,20060404.0,허니와 클로버,9.5,142
760,20070179.0,황색 눈물,9.69,123
761,20070044.0,리틀 러너,8.75,28
762,20070309.0,나누와 실라의 대모험,8.92,26
763,20070500.0,펀치레이디,6.87,63
764,20070054.0,우리 학교,8.01,146
765,20070040.0,태양의 노래,8.97,192
766,20070602.0,마녀배달부 키키,9.37,39
767,20060039.0,렌트,9.29,21
768,20070202.0,초속5센티미터,9.1,151
769,20070122.0,혐오스런 마츠코의 일생,7.85,66
770,20070661.0,기다리다 미쳐,8.48,170
771,20070463.0,스테이지 뷰티,9.25,4
772,20060263.0,씨노이블,9.45,47
773,20070541.0,첫눈,8.54,251
774,20070137.0,팩토리 걸 ,8.4,5
775,20070263.0,리버틴,9.08,52
776,20070215.0,포 미니츠,8.84,19
777,20070105.0,플루토에서 아침을,8.0,1
778,20060402.0,나루토-대흥분! 초승달 섬의 애니멀 소동,7.7,80
779,20070252.0,레이디 채털리,4.5,4
780,20070604.0,이브닝,9.17,12
781,20070354.0,펄스,7.52,27
782,20070373.0,브리치,8.79,19
783,20070566.0,마법에 걸린 사랑,9.5,119
784,20070175.0,마리 앙투아네트,9.31,32
785,20072152.0,"좋은 놈, 나쁜 놈, 이상한 놈 ",9.31,816
786,20080046.0,추격자,7.5,6
787,20151803.0,쿵푸팬더3,9.36,222
788,20080653.0,쿵푸 팬더,9.32,403
789,20110511.0,쿵푸팬더 2,9.46,621
790,20081169.0,맘마미아!,8.96,119
791,20081672.0,과속스캔들,8.91,741
792,20080736.0,강철중: 공공의 적 1-1,9.43,229
793,20121621.0,아이언맨 3,9.67,3270
794,20090933.0,아이언맨 2,9.23,722
795,20080396.0,아이언맨,9.09,281
796,20070675.0,인디아나 존스 4 : 크리스탈 해골의 왕국,9.66,369
797,20080996.0,미이라 3:황제의 무덤,8.67,395
798,20112703.0,다크 나이트 라이즈,9.57,1806
799,20081056.0,다크 나이트,9.69,185
800,20070382.0,우리 생애 최고의 순간,9.3,521
801,20081001.0,신기전,8.9,243
802,20149520.0,모스트 원티드 맨,9.0,38
803,20080873.0,핸콕,9.54,200
804,20143642.0,테이큰 3,8.9,422
805,20128447.0,테이큰 2,9.59,291
806,20080337.0,테이큰,9.08,14
807,20081611.0,미인도,7.23,134
808,20081366.0,이글 아이,9.26,145
809,20081484.0,007 퀀텀 오브 솔러스,9.4,77
810,20080968.0,눈에는 눈 이에는 이,8.84,157
811,20081395.0,아내가 결혼했다,7.98,128
812,20080764.0,님은 먼 곳에,9.1,196
813,20080047.0,점퍼,9.32,174
814,20081058.0,고死 : 피의 중간고사,8.69,798
815,20071064.0,무방비도시,10.0,4
816,20080914.0,적벽대전:거대한 전쟁의 시작,7.67,302
817,20071675.0,더 게임,10.0,5
818,20080479.0,나니아 연대기:캐스피언 왕자 ,9.6,289
819,20081057.0,월ㆍE,9.26,321
820,20081243.0,영화는 영화다,9.1,186
821,20081723.0,지구가 멈추는 날,8.86,326
822,20100361.0,이클립스,9.42,1601
823,20090828.0,뉴 문,9.45,1058
824,20081697.0,트와일라잇,9.53,377
825,20070563.0,꿀벌대소동,8.97,158
826,20080637.0,서양 골동 양과자점 앤티크,9.36,341
827,20080148.0,"10,000 BC",8.59,79
828,20081686.0,벼랑 위의 포뇨,9.51,376
829,20070548.0,6년째 연애중,8.96,178
830,20113653.0,잃어버린 세계를 찾아서 2: 신비의 섬,9.03,138
831,20081696.0,잃어버린 세계를 찾아서,9.44,161
832,20100285.0,섹스 앤 더 시티 2,8.86,74
833,20080709.0,섹스 앤 더 시티,9.02,40
834,20080291.0,삼국지:용의 부활,8.91,137
835,20080032.0,밴티지 포인트,9.0,55
836,20072151.0,바보,9.39,19
837,20110162.0,바보야,7.94,16
838,20081673.0,오스트레일리아,9.48,81
839,20072148.0,GP 506,9.35,226
840,20080663.0,크로싱,10.0,11
841,20080226.0,숙명,0.0,0
842,20080476.0,스피드 레이서,9.18,11
843,20072686.0,모던보이,9.6,121
844,20080890.0,순정만화,9.24,535
845,20080394.0,비스티 보이즈,9.32,123
846,20080009.0,스위니 토드 : 어느 잔혹한 이발사 이야기,9.76,322
847,20080946.0,님스 아일랜드,8.86,87
848,20080641.0,라스베가스에서만 생길 수 있는 일,9.4,20
849,20080230.0,천일의 스캔들,9.17,23
850,20080038.0,스파이더위크가의 비밀,9.23,123
851,20081244.0,울학교 이티,8.89,140
852,20081535.0,눈먼자들의 도시,9.54,125
853,20080393.0,호튼,8.68,38
854,20080741.0,고고 70,9.05,74
855,20081444.0,바디 오브 라이즈,9.87,46
856,20070660.0,뜨거운 것이 좋아,8.43,7
857,20162065.0,클로버필드 10번지,8.78,403
858,20070672.0,클로버필드,9.03,237
859,20081565.0,뱅크 잡,8.89,28
860,20071067.0,슈퍼맨이었던 사나이,8.7,281
861,20081391.0,미쓰 홍당무,8.22,70
862,20124746.0,언더월드 4: 어웨이크닝,9.14,93
863,20080254.0,어웨이크,8.7,30
864,20081716.0,쌍화점,9.13,381
865,20080750.0,달콤한 거짓말,7.99,77
866,20081132.0,아기와 나,9.78,23
867,20081002.0,멋진 하루,9.57,55
868,20080013.0,명장,8.5,104
869,20110501.0,삼국지: 명장 관우,8.21,347
870,20080829.0,해프닝,9.45,76
871,20080962.0,극장판 도라에몽:진구의 마계대모험 7인의 마법사,8.64,133
872,20071003.0,P.S. 아이 러브 유,9.93,28
873,20080965.0,CJ7:장강7호,9.12,150
874,20071014.0,엘라의 모험 : 해피엔딩의 위기,9.06,72
875,20081094.0,미드나잇 미트 트레인,8.58,40
876,20080743.0,1724 기방난동사건,7.6,63
877,20080659.0,88분,7.9,21
878,20080349.0,버킷 리스트:죽기전에 꼭 하고싶은것들,9.27,47
879,20080363.0,스트리트 킹,7.5,2
880,20080963.0,스페이스 침스:우주선을 찾아서,8.69,77
881,20080397.0,가루지기,0.0,0
882,20080014.0,마지막 선물,9.41,145
883,20080142.0,마이 뉴 파트너,10.0,1
884,20081623.0,맥스 페인,7.48,63
885,20081390.0,공작부인:세기의 스캔들,9.2,15
886,20080874.0,노크:낯선 자들의 방문,8.73,71
887,20081096.0,엑스파일:나는 믿고싶다,9.62,64
888,20080141.0,27번의 결혼리허설,8.96,23
889,20081334.0,바빌론 A.D.,8.18,40
890,20161286.0,아이스 에이지: 지구 대충돌,9.31,147
891,20080514.0,페넬로피,10.0,4
892,20080015.0,라듸오 데이즈,8.81,111
893,20080364.0,킬위드미,9.43,46
894,20071047.0,"대한이, 민국씨",7.89,70
895,20080065.0,어톤먼트,9.92,38
896,20081247.0,방콕 데인저러스,0.0,0
897,20080331.0,도레미파솔라시도,8.67,824
898,20080348.0,연의 황후,8.71,38
899,20081158.0,미러,8.52,44
900,20134073.0,디스커넥트,8.98,448
901,20081618.0,커넥트,7.85,54
902,20081212.0,20세기 소년,8.15,219
903,20080236.0,나의 특별한 사랑이야기,8.73,11
904,20080836.0,겟 스마트,9.62,37
905,20080258.0,댄 인 러브,9.42,31
906,20080024.0,오퍼나지 - 비밀의 계단,9.45,60
907,20081059.0,케로로 더 무비:케로로 VS 케로로 천공대결전,9.43,122
908,20080021.0,찰리윌슨의 전쟁,8.33,24
909,20081393.0,데스 레이스,9.11,38
910,20080145.0,마이 블루베리 나이츠,9.2,30
911,20081446.0,화피,8.72,36
912,20081738.0,니코,8.62,24
913,20122523.0,니코: 산타비행단의 모험,9.54,235
914,20081445.0,굿'바이,9.0,4
915,20081276.0,황시,9.23,31
916,20136860.0,극장판 가면라이더 VS 파워레인저 슈퍼히어로 대전,8.22,106
917,20139821.0,슈퍼히어로,7.78,65
918,20080478.0,프라이스리스,9.64,11
919,20080472.0,명탐정 코난:베이커가의 망령,9.4,108
920,20080252.0,데스 디파잉:어느 마술사의 사랑,8.73,11
921,20080654.0,겟 썸,8.76,38
922,20080350.0,내가 숨쉬는 공기,8.38,47
923,20141114.0,쿼바디스,9.25,56
924,20110322.0,오늘,9.31,101
925,20088397.0,미스터 노바디,8.2,827
926,20080328.0,미운 오리 새끼의 모험,8.86,7
927,20080078.0,람보 4 : 라스트 블러드,8.61,114
928,20080055.0,워터호스,9.75,40
929,20081173.0,스타워즈 : 클론 전쟁,8.88,49
930,20080146.0,허밍,7.0,6
931,20081361.0,하우 투 루즈 프렌즈,9.85,13
932,20071066.0,말할 수 없는 비밀,9.25,1106
933,20081403.0,그 남자의 책 198쪽,9.71,65
934,20071065.0,써티 데이즈 오브 나이트,8.38,40
935,20080365.0,패솔로지,9.93,15
936,20080837.0,둠스데이:지구 최후의 날,8.43,105
937,20080887.0,비몽,7.5,5
938,20155563.0,어린왕자,9.54,230
939,20080008.0,어린 왕자,0.0,0
940,20081136.0,렛 미 인,9.71,39
941,20080878.0,알이씨(Rec),8.36,42
942,20080992.0,100 피트,8.31,26
943,20081263.0,외톨이,8.7,23
944,20081364.0,내 친구의 사생활,8.33,9
945,20080017.0,에반게리온 : 서(序),9.27,265
946,20081519.0,너를 잊지 않을 거야,9.57,97
947,20081363.0,더 클럽,7.22,9
948,20080105.0,집결호,7.61,69
949,20081213.0,미스 페티그루의 어느 특별한 하루,10.0,10
950,20080661.0,위 오운 더 나잇,8.56,9
951,20081170.0,썸머 솔스티스,8.07,15
952,20081331.0,동키호테,9.5,10
953,20080054.0,주노,7.18,45
954,20081700.0,트로픽 썬더 ,9.34,50
955,20080071.0,노인을 위한 나라는 없다,8.9,40
956,20080079.0,사랑보다 황금,7.71,7
957,20072673.0,흑심모녀,7.21,33
958,20081386.0,언더 더 쎄임 문,8.45,11
959,20050086.0,사과,6.5,2
960,20164521.0,극장판 요괴워치: 염라대왕과 5개의 이야기다냥!,9.78,222
961,20165201.0,언더 워터,8.6,62
962,20080088.0,쿵푸 덩크,8.62,61
963,20080516.0,서울이 보이냐,9.88,33
964,20080029.0,3:10 투 유마,9.53,36
965,20081168.0,스마트 피플,9.12,25
966,20081621.0,와인 미라클,8.2,5
967,20081092.0,누들,8.95,19
968,20080828.0,도화선,9.08,59
969,20081392.0,구구는 고양이다,9.96,27
970,20080329.0,식코,9.29,69
971,20080513.0,갓파 쿠와 여름방학을,9.38,89
972,20080289.0,비투스,8.64,12
973,20081552.0,피아노의 숲,9.49,79
974,20080656.0,날나리 종부전,7.06,89
975,20081620.0,"연공:안녕, 사랑하는 모든 것",8.94,84
976,20080848.0,돼지코 아기공룡 임피의 모험,8.62,16
977,20080225.0,브레이브 스토리,9.48,27
978,20070291.0,무림여대생,6.53,104
979,20080994.0,소림소녀,6.67,139
980,20081333.0,인 블룸,3.0,1
981,20080227.0,아임 낫 데어,9.9,63
982,20080728.0,남주기 아까운 그녀,8.67,3
983,20070686.0,MR. 후아유,9.0,4
984,20080845.0,크로우즈 제로,9.04,114
985,20080080.0,연을 쫓는 아이,10.0,7
986,20080026.0,어크로스 더 유니버스,8.5,18
987,20080030.0,"화성아이, 지구아빠",9.21,28
988,20080877.0,플래닛 테러,8.23,26
989,20070203.0,방울토마토,9.64,42
990,20081453.0,이스턴 프라미스,9.38,13
991,20080223.0,내겐 너무 사랑스러운 그녀,9.62,8
992,20080875.0,카운터페이터,10.0,4
993,20080256.0,어웨이 프롬 허,9.0,2
994,20090412.0,명탐정 코난 : 칠흑의 추적자,9.89,1330
995,20147909.0,추적자,9.0,3
996,20126306.0,장고:분노의 추적자,8.23,456
997,20081129.0,텐텐,1.0,1
998,20081452.0,더 폴: 오디어스와 환상의 문,9.17,13
999,20080143.0,데어 윌 비 블러드,9.4,11
1000,20080253.0,그레이시 스토리,5.78,9
1001,20072687.0,경축! 우리사랑,4.83,6
1002,20080395.0,할람 포,8.89,9
1003,20081567.0,맨데이트: 신이 주신 임무,5.72,50
1004,20080517.0,페르세폴리스,8.33,6
1005,20080995.0,마을에 부는 산들바람,9.57,24
1006,20081518.0,마이 쎄시 걸,7.27,11
1007,20090074.0,해운대,7.72,1235
1008,20090307.0,국가대표,8.14,926
1009,20122222.0,더 헌트,8.77,192
1010,20090834.0,아바타,8.74,1447
1011,20148168.0,아바타 정글의 비밀,4.11,74
1012,20100796.0,아바타-스페셜 에디션,8.74,1447
1013,20090238.0,터미네이터 : 미래전쟁의 시작,8.91,781
1014,20090297.0,거북이 달린다,9.01,128
1015,20130821.0,투 마더스,8.11,393
1016,20090379.0,해리 포터와 혼혈 왕자,9.58,2201
1017,20081727.0,워낭소리,9.29,361
1018,20090015.0,적벽대전 2 : 최후의 결전,9.05,284
1019,20090427.0,지.아이.조 : 전쟁의 서막,8.83,246
1020,20090605.0,굿모닝 프레지던트,8.83,224
1021,20090077.0,전우치,8.86,985
1022,20153801.0,"안녕, 전우치! 도술로봇대결전",9.02,231
1023,20081003.0,박쥐,9.0,22
1024,20090282.0,박물관이 살아있다 2,9.56,308
1025,20090484.0,애자,9.26,186
1026,20090156.0,그림자 살인,6.0,421
1027,20071013.0,작전명 발키리,9.27,194
1028,20090024.0,벤자민 버튼의 시간은 거꾸로 간다,9.21,282
1029,20090308.0,불꽃처럼 나비처럼,8.35,276
1030,20090014.0,유감스러운 도시,6.52,259
1031,20150566.0,극장판 꼬마버스 타요의 에이스 구출작전,9.7,292
1032,20163201.0,바다 탐험대 옥토넛 시즌4: 아슬아슬 구조대작전,9.75,8
1033,20090023.0,작전,9.2,153
1034,20090678.0,닌자 어쌔신,9.06,1279
1035,20090590.0,청담보살,8.91,182
1036,20090222.0,엑스맨 탄생: 울버린,9.07,203
1037,20090225.0,인사동 스캔들,9.01,137
1038,20112621.0,셜록홈즈 : 그림자 게임,9.24,279
1039,20090856.0,셜록 홈즈,8.85,278
1040,20090161.0,슬럼독 밀리어네어,9.62,64
1041,20090235.0,스타 트렉: 더 비기닝,9.05,124
1042,20090206.0,노잉,8.99,172
1043,20162299.0,시크릿 인 데어 아이즈,7.4,89
1044,20149270.0,테레즈 라캥,9.29,28
1045,20090305.0,백야행,8.72,212
1046,20081809.0,트랜스포터-라스트 미션,9.35,162
1047,20090012.0,그는 당신에게 반하지 않았다,8.62,71
1048,20090408.0,아이스 에이지 3: 공룡시대,9.59,123
1049,20090579.0,디스트릭트 9,8.87,341
1050,20090826.0,모범시민,9.39,124
1051,20090554.0,써로게이트,9.14,50
1052,20090664.0,시간 여행자의 아내,9.55,238
1053,20090237.0,김씨표류기,8.89,258
1054,20090157.0,푸시,8.69,101
1055,20090085.0,슬픔보다 더 슬픈 이야기,7.76,180
1056,20090176.0,분노의 질주: 더 오리지널,9.65,115
1057,20090195.0,몬스터 vs 에이리언,9.03,75
1058,20090327.0,여고괴담 5,7.77,224
1059,20090562.0,정승필 실종사건,8.7,74
1060,20155761.0,명탐정 코난 : 코난 실종사건 - 사상 최악의 이틀,9.49,287
1061,20090042.0,핸드폰,0.0,0
1062,20090815.0,홍길동의 후예,8.4,168
1063,20090043.0,왓치맨,9.43,120
1064,20090019.0,잉크하트 : 어둠의 부활,9.29,116
1065,20090510.0,이태원 살인사건,8.82,129
1066,20090018.0,체인질링,8.95,44
1067,20090455.0,오펀: 천사의 비밀,9.19,70
1068,20090426.0,퍼블릭 에너미,9.66,117
1069,20090065.0,더 리더: 책 읽어주는 남자,8.88,25
1070,20090319.0,오감도,7.32,160
1071,20090044.0,작은 영웅 데스페로,9.38,94
1072,20090389.0,10억,8.81,277
1073,20090082.0,드래곤볼 에볼루션,5.06,793
1074,20090089.0,파르나서스 박사의 상상극장,9.73,441
1075,20090025.0,문프린세스 : 문에이커의 비밀,8.91,129
1076,20090287.0,펠햄 123,9.1,39
1077,20090578.0,바스터즈: 거친 녀석들,8.98,97
1078,20090517.0,처음 본 그녀에게 프로포즈하기,10.0,1
1079,20100128.0,프로포즈 데이,9.52,21
1080,20090449.0,프로포즈,9.38,16
1081,20090092.0,라스트프로포즈,9.42,50
1082,20090513.0,어글리 트루스,9.65,26
1083,20090090.0,쇼퍼홀릭,9.45,33
1084,20090555.0,게이머,9.5,70
1085,20090345.0,주온-원혼의 부활,8.71,108
1086,20090557.0,호우시절,9.21,58
1087,20090288.0,드래그 미 투 헬,9.07,77
1088,20090304.0,요가학원,7.71,150
1089,20090434.0,불신지옥,8.2,120
1090,20090087.0,뉴욕은 언제나 사랑 중,9.75,115
1091,20090063.0,인터내셔널,9.0,16
1092,20090026.0,세븐 파운즈,8.19,48
1093,20081790.0,디파이언스,7.8,21
1094,20090403.0,극장판 도라에몽: 진구의 공룡대탐험,9.34,71
1095,20090284.0,코렐라인: 비밀의 문,9.25,85
1096,20090193.0,우리 집에 왜 왔니,9.81,624
1097,20090580.0,나는 비와 함께 간다,9.58,155
1098,20090027.0,말리와 나,9.38,37
1099,20090091.0,13일의 금요일,9.32,98
1100,20090462.0,코코 샤넬,9.87,38
1101,20111926.0,샤넬과 스트라빈스키,4.0,2
1102,20090017.0,베드타임 스토리,8.92,25
1103,20090174.0,카오스,8.76,38
1104,20090860.0,포켓 몬스터 DP: 아르세우스 초극의 시공으로,9.57,219
1105,20090613.0,팬도럼,8.84,31
1106,20145182.0,4등,9.53,124
1107,20141224.0,경성학교: 사라진 소녀들,8.78,228
1108,20090214.0,스테이트 오브 플레이,8.92,13
1109,20090570.0,짱구는 못말려 극장판:태풍을 부르는 노래하는 엉덩이 폭탄,9.5,170
1110,20090146.0,펜트하우스 코끼리,7.6,55
1111,20090022.0,키친,8.79,154
1112,20090064.0,그랜 토리노,9.11,58
1113,20090445.0,썸머 워즈,9.64,286
1114,20090343.0,링스 어드벤처,9.22,55
1115,20090667.0,파주,8.69,70
1116,20090061.0,블러디 발렌타인,8.76,75
1117,20090604.0,마이클 잭슨의 디스 이즈 잇,9.7,210
1118,20090035.0,똥파리,8.67,98
1119,20090682.0,솔로이스트,8.56,57
1120,20090227.0,리틀 비버,9.28,71
1121,20090454.0,소피의 연애 매뉴얼,9.23,115
1122,20090469.0,마이 시스터즈 키퍼,9.72,32
1123,20090556.0,나는 갈매기,9.06,278
1124,20090511.0,하이 레인,8.63,27
1125,20161781.0,엽문3: 최후의 대결,9.48,127
1126,20100311.0,엽문2,9.58,279
1127,20090088.0,신부들의 전쟁,9.62,8
1128,20090875.0,걸프렌즈,7.27,56
1129,20090029.0,알파독,7.74,23
1130,20090501.0,9:나인,9.39,135
1131,20090188.0,소명,8.87,15
1132,20136742.0,소명 하늘의 별,8.68,22
1133,20100158.0,소명 2-모겐족의 월드컵,9.57,21
1134,20119990.0,소명 3 : 히말라야의 슈바이처,10.0,18
1135,20090801.0,천국의 우편배달부,9.68,647
1136,20090529.0,S러버,7.95,19
1137,20090192.0,용의자 X의 헌신,9.67,207
1138,20090485.0,왼편 마지막 집,7.07,28
1139,20090599.0,뉴욕 아이 러브 유,9.61,56
1140,20090460.0,라르고 윈치,7.58,53
1141,20090190.0,미쓰 루시힐,8.62,8
1142,20090411.0,메디엄,8.88,17
1143,20090428.0,나의 로맨틱 가이드,6.89,9
1144,20090333.0,블룸 형제 사기단,8.62,21
1145,20090453.0,드림업,9.45,58
1146,20090330.0,4교시 추리영역,8.77,221
1147,20090203.0,내 남자의 아내도 좋아,6.59,41
1148,20090811.0,에반게리온: 파,9.34,200
1149,20090068.0,더 레슬러,9.74,34
1150,20090028.0,레볼루셔너리 로드,9.59,55
1151,20090086.0,킬러들의 도시,7.45,20
1152,20090724.0,내 눈에 콩깍지,8.76,75
1153,20081729.0,킬 미,8.85,47
1154,20090205.0,더블 스파이,6.33,3
1155,20090191.0,안나와 알렉스 : 두자매 이야기,6.75,32
1156,20140456.0,에코,8.68,63
1157,20132601.0,에코 플래닛 3D : 지구 구출 특급 대작전,9.23,22
1158,20090219.0,제독의 연인,6.7,10
1159,20090103.0,부그와 엘리엇 2,8.88,8
1160,20081792.0,비카인드 리와인드,9.42,26
1161,20090332.0,신주쿠 사건,8.7,50
1162,20090189.0,매란방,8.38,8
1163,20090079.0,블레임 : 인류멸망 2011,6.0,333
1164,20090171.0,번 애프터 리딩,9.0,14
1165,20110278.0,토마스와 친구들 - 극장판 3,9.23,48
1166,20090194.0,토마스와 친구들 - 극장판,9.43,7
1167,20090261.0,잘 알지도 못하면서,9.22,40
1168,20090006.0,탑 블레이드 더 무비,6.18,40
1169,20090461.0,언더월드: 라이칸의 반란,7.52,58
1170,20090444.0,마법의 세계 녹터나,8.67,21
1171,20090314.0,임피 원더랜드 가다,8.58,12
1172,20090800.0,19-Nineteen,9.07,396
1173,20081810.0,뮤턴트: 다크 에이지,7.5,111
1174,20090259.0,옹박: 더 레전드,8.48,65
1175,20090265.0,할로윈:살인마의 탄생,6.62,42
1176,20081462.0,사랑 후에 남겨진 것들,7.29,7
1177,20081454.0,언노운 우먼,9.55,20
1178,20090592.0,나루토 질풍전 극장판-불의 의지를 잇는 자,9.76,113
1179,20090854.0,줄리 & 줄리아,0.0,0
1180,20070473.0,러브 인 클라우즈,8.5,8
1181,20081209.0,낮술,8.04,49
1182,20090663.0,컴 아웃 파이팅,9.08,25
1183,20090395.0,아부지,9.6,30
1184,20090402.0,해피 플라이트,9.0,26
1185,20090295.0,쉘 위 키스,9.42,192
1186,20090069.0,프로스트 VS 닉슨,8.44,9
1187,20090322.0,아스테릭스: 미션 올림픽 게임,7.93,15
1188,20080266.0,"지금, 이대로가 좋아요",9.61,28
1189,20090236.0,싸이보그 그녀,8.93,151
1190,20090318.0,날아라 펭귄,9.56,27
1191,20090233.0,초코초코 대작전,9.36,14
1192,20090400.0,퀸 락 몬트리올,9.94,72
1193,20090488.0,원 위크,10.0,4
1194,20156166.0,나를 미치게 하는 여자,8.69,361
1195,20090670.0,하늘과 바다,7.34,302
1196,20090328.0,여행자,8.58,26
1197,20080536.0,도쿄 마블 초콜릿,8.27,16
1198,20143565.0,부니 베어: 롤라 구출 대모험,9.67,128
1199,20090893.0,극장판파워레인저 엔진포스VS 와일드스피릿,8.22,63
1200,20090588.0,브로큰 임브레이스,9.0,7
1201,20090787.0,마이 마이 신코 이야기,10.0,6
1202,20163841.0,플래그 더 문,9.77,114
1203,20090810.0,더 문,9.03,121
1204,20149591.0,매직 인 더 문라이트,8.82,88
1205,20090430.0,미어캣의 모험,9.44,16
1206,20090838.0,판타스틱 Mr. 폭스,9.69,13
1207,20090344.0,요시노 이발관,9.5,8
1208,20090053.0,다우트,8.78,10
1209,20090196.0,나의 판타스틱 데뷔작,8.69,17
1210,20081460.0,세비지 그레이스,7.0,3
1211,20090489.0,벨라,9.52,86
1212,20090296.0,세라핀,7.67,6
1213,20090148.0,하이 스쿨 뮤지컬: 졸업반,9.9,349
1214,20090574.0,헬로우 마이 러브,9.7,30
1215,20090582.0,북극의 눈물,9.54,87
1216,20100214.0,아저씨,9.1,626
1217,20149878.0,행복배달부 팻아저씨,9.67,39
1218,20100312.0,인셉션,9.34,596
1219,20100209.0,이끼,8.99,673
1220,20100296.0,포화속으로,5.6,3363
1221,20090914.0,하모니,9.56,801
1222,20090927.0,방자전,8.4,195
1223,20100370.0,솔트,8.8,119
1224,20100213.0,부당거래,9.5,111
1225,20100834.0,시라노; 연애조작단,9.17,547
1226,20124717.0,타이탄의 분노,8.59,152
1227,20100018.0,타이탄,8.98,240
1228,20131248.0,드래곤 길들이기 2,9.75,682
1229,20100190.0,드래곤 길들이기,9.05,355
1230,20101224.0,해리 포터와 죽음의 성물1,9.44,2456
1231,20100188.0,하녀,8.04,186
1232,20152264.0,어느 하녀의 일기,8.85,27
1233,20100310.0,나잇&데이,8.84,76
1234,20100333.0,슈렉 포에버,8.97,239
1235,20101010.0,초능력자,9.34,1029
1236,20101221.0,쩨쩨한 로맨스,8.71,184
1237,20100193.0,페르시아의 왕자: 시간의 모래,9.24,213
1238,20090923.0,퍼시 잭슨과 번개 도둑,9.19,468
1239,20100833.0,무적자,7.54,355
1240,20101222.0,황해,8.97,463
1241,20100377.0,토이 스토리 3,9.58,585
1242,20090931.0,구르믈 버서난 달처럼,8.9,198
1243,20100767.0,라스트 에어벤더,8.49,525
1244,20101223.0,헬로우 고스트,9.15,496
1245,20090939.0,육혈포 강도단,8.04,131
1246,20100302.0,심야의 F.M.,9.42,151
1247,20100811.0,레지던트 이블 4: 끝나지 않은 전쟁 3D,8.97,449
1248,20101213.0,나니아 연대기: 새벽 출정호의 항해,9.39,552
1249,20090888.0,용서는 없다,8.69,143
1250,20100131.0,베스트셀러,8.82,100
1251,20101200.0,김종욱 찾기,9.02,270
1252,20100810.0,마루 밑 아리에티,9.65,343
1253,20122089.0,슈퍼배드 2,9.09,371
1254,20100814.0,슈퍼  배드,9.48,374
1255,20100353.0,파괴된 사나이,9.08,319
1256,20100835.0,방가? 방가!,7.78,156
1257,20090160.0,평행이론,8.49,175
1258,20101212.0,투어리스트,9.56,63
1259,20101133.0,스카이 라인,7.37,611
1260,20100326.0,고死 두 번째 이야기: 교생실습,8.59,1920
1261,20100295.0,A-특공대,9.64,107
1262,20090895.0,주유소 습격사건 2,7.5,258
1263,20100380.0,마음이2,9.62,462
1264,20133701.0,하늘에서 음식이 내린다면 2,9.55,121
1265,20090718.0,하늘에서 음식이 내린다면,8.98,252
1266,20126406.0,새미의 어드벤쳐 2,7.79,60
1267,20101348.0,새미의 어드벤쳐,8.86,203
1268,20090953.0,오션스,7.68,112
1269,20100378.0,명탐정 코난: 천공의 난파선,9.86,931
1270,20101113.0,이층의 악당,9.32,237
1271,20090948.0,그린 존,9.8,107
1272,20100129.0,반가운 살인자,8.98,149
1273,20100975.0,레터스 투 줄리엣,8.46,76
1274,20100813.0,퀴즈왕,8.05,132
1275,20100381.0,마법사의 제자,8.86,115
1276,20101209.0,라스트 갓파더,8.83,3806
1277,20101013.0,소셜 네트워크,9.01,97
1278,20127407.0,피라냐 3DD,5.13,106
1279,20100816.0,피라냐,8.04,179
1280,20100991.0,먹고 기도하고 사랑하라,8.94,31
1281,20101009.0,불량남녀,8.49,102
1282,20100168.0,친정엄마,9.72,258
1283,20100977.0,적인걸: 측천무후의 비밀,8.74,57
1284,20101070.0,언스토퍼블,9.49,73
1285,20162621.0,파라노말 액티비티: 더 고스트 디멘션,7.58,176
1286,20090857.0,파라노말 액티비티,7.92,267
1287,20129079.0,파라노말 액티비티4,7.22,95
1288,20101015.0,파라노말 액티비티 2,8.66,226
1289,20112693.0,파라노말 액티비티 3,8.58,113
1290,20101014.0,워리어스 웨이,7.94,400
1291,20090821.0,아스트로 보이-아톰의 귀환,8.44,177
1292,20149818.0,익스펜더블 3,9.02,386
1293,20128143.0,익스펜더블 2,9.61,81
1294,20100768.0,익스펜더블,9.64,410
1295,20100017.0,공자 춘추전국시대,7.68,131
1296,20100101.0,프롬 파리 위드 러브,8.07,60
1297,20100165.0,블라인드 사이드,9.66,210
1298,20100210.0,맨발의 꿈,9.55,201
1299,20101006.0,가디언의 전설,8.76,102
1300,20100292.0,베스트 키드,9.57,151
1301,20100794.0,프레데터스,8.94,165
1302,20090929.0,울프맨,8.75,56
1303,20100962.0,"울지마, 톤즈",8.71,185
1304,20100379.0,극장판 도라에몽: 진구의 인어대해전,9.22,112
1305,20090950.0,월 스트리트: 머니 네버 슬립스,8.81,42
1306,20101226.0,극장판 포켓 몬스터 DP 「환영의 패왕 조로아크」,9.38,305
1307,20090894.0,사랑은 너무 복잡해,8.68,22
1308,20100769.0,폐가,8.59,392
1309,20100077.0,포스 카인드,8.26,192
1310,20147612.0,쓰리데이즈 투 킬,9.34,206
1311,20101378.0,쓰리 데이즈,9.4,128
1312,20090865.0,러블리 본즈,6.88,171
1313,20090952.0,내니맥피 2: 유모와마법소동,9.24,83
1314,20147284.0,꼬마 니콜라의 여름방학,9.04,57
1315,20090897.0,꼬마 니콜라,9.61,151
1316,20100098.0,디어 존,8.03,69
1317,20100278.0,유령작가,9.0,32
1318,20090890.0,아빠가 여자를 좋아해,8.93,149
1319,20100176.0,허트 로커,7.39,51
1320,20090944.0,헤이트 발렌타인데이,7.06,16
1321,20100329.0,그랑프리,7.65,225
1322,20090943.0,스플라이스,8.73,155
1323,20100281.0,김복남 살인사건의 전말,8.93,56
1324,20100075.0,무법자,0.0,0
1325,20100027.0,회복,8.32,22
1326,20100169.0,킥 애스: 영웅의 탄생,8.63,67
1327,20100012.0,원피스 극장판: 스트롱 월드,9.53,707
1328,20090932.0,데이브레이커스,7.55,87
1329,20101225.0,트론: 새로운 시작,8.95,194
1330,20100758.0,오션월드 3D,9.2,41
1331,20101109.0,두 여자,8.14,69
1332,20100980.0,22 블렛,8.88,33
1333,20127211.0,스트리트 댄스 2: 라틴배틀,7.0,16
1334,20100291.0,스트리트댄스,9.1,180
1335,20100807.0,뮬란: 전사의 귀환,9.36,261
1336,20100116.0,솔로몬 케인,8.89,36
1337,20100788.0,마법천자문: 대마왕의 부활을 막아라,7.39,108
1338,20100808.0,애프터 라이프,8.18,60
1339,20157432.0,007 스펙터,9.19,257
1340,20100166.0,케로로 더 무비 5: 기적의 사차원섬,8.73,94
1341,20090916.0,8인: 최후의 결사단,8.75,88
1342,20090913.0,들어는 봤니? 모건 부부,8.03,29
1343,20101206.0,더 콘서트,9.17,70
1344,20100812.0,캣츠 앤 독스 2,9.12,64
1345,20100105.0,우리가 꿈꾸는 기적: 인빅터스,8.69,35
1346,20100141.0,아마존의 눈물,9.67,203
1347,20090850.0,공주와 개구리,9.0,45
1348,20101140.0,라스트 엑소시즘,7.0,28
1349,20100206.0,꿈은 이루어진다,5.93,175
1350,20100115.0,대병소장,6.97,474
1351,20100339.0,필립모리스,9.16,99
1352,20100925.0,노다메 칸타빌레 Vol.1 ,9.67,109
1353,20100057.0,참을 수 없는,6.0,20
1354,20100815.0,센츄리온,5.17,75
1355,20090917.0,주문진,9.8,399
1356,20100789.0,골든 슬럼버,7.85,109
1357,20101039.0,돌이킬 수 없는,8.49,57
1358,20100335.0,여대생 기숙사,8.15,27
1359,20101138.0,베리드,8.47,116
1360,20100063.0,엘라의 모험 2: 백설공주 길들이기,8.58,31
1361,20100809.0,에브리바디 올라잇,9.64,154
1362,20101132.0,듀 데이트,9.47,89
1363,20101038.0,대지진,8.74,129
1364,20101227.0,톨스토이의 마지막 인생,9.69,13
1365,20100104.0,인 디 에어,9.33,12
1366,20100029.0,사랑은 언제나 진행중,8.38,13
1367,20100362.0,킬러 인사이드 미,9.56,9
1368,20090946.0,플래닛 51,8.5,14
1369,20100376.0,아더와 미니모이 2 : 셀레니아 공주 구출 작전,9.72,36
1370,20090866.0,G-포스: 기니피그 특공대,9.24,37
1371,20100787.0,옥희의 영화,10.0,22
1372,20090902.0,위핏,9.02,45
1373,20100266.0,서태지밴드 라이브 투어 <더 뫼비우스>,10.0,230
1374,20101047.0,하비의 마지막 로맨스,9.83,125
1375,20090874.0,페어러브,9.35,100
1376,20100740.0,기적의 오케스트라 - 엘 시스테마,9.86,14
1377,20090947.0,집 나온 남자들,7.92,25
1378,20139401.0,찌라시: 위험한 소문,8.29,207
1379,20100073.0,예언자,7.0,54
1380,20101165.0,스즈미야 하루히의 소실,9.45,516
1381,20100167.0,사요나라 이츠카,8.31,29
1382,20136887.0,아메리칸 허슬,9.49,149
1383,20152866.0,아메리칸 울트라,9.0,243
1384,20100765.0,스페이스 침스 - 자톡의 역습 3D,8.83,18
1385,20100964.0,토너먼트,8.38,21
1386,20100111.0,콜링 인 러브,9.31,117
1387,20100028.0,커플 테라피: 대화가 필요해,9.4,5
1388,20101399.0,심장이 뛴다,9.12,280
1389,20090906.0,애프터 러브,9.49,102
1390,20100261.0,싱글맨,9.57,21
1391,20101073.0,엘 시크레토 : 비밀의 눈동자,9.53,17
1392,20101040.0,소와 함께 여행하는 법,8.18,34
1393,20100316.0,청설,9.7,158
1394,20100728.0,테이킹 우드스탁,9.62,146
1395,20100076.0,밀크,7.76,25
1396,20100795.0,더 도어,8.8,20
1397,20100130.0,공기인형,8.91,91
1398,20100271.0,레고:클러치파워의 모험,9.22,72
1399,20100196.0,믿음의 승부,8.0,14
1400,20090937.0,동쪽의 에덴 극장판 ① 더 킹오브 에덴,9.75,159
1401,20100365.0,하얀리본,10.0,10
1402,20100102.0,제로 포커스,9.0,15
1403,20101028.0,조금만 더 가까이,9.51,43
1404,20090601.0,리틀 애쉬 : 달리가 사랑한 그림,9.6,10
1405,20101283.0,나루토 질풍전 극장판 4 - 더 로스트 타워,9.66,59
1406,20100775.0,소라닌,9.9,48
1407,20100011.0,춤추는 꿈틀이 밴드,9.94,34
1408,20100277.0,내 남자의 순이,9.09,128
1409,20100201.0,샤인 어 라이트(1st 지드래곤 콘서트),8.49,270
1410,20090639.0,셉템버 이슈,7.55,11
1411,20110302.0,최종병기 활,8.63,462
1412,20110193.0,써니,9.0,514
1413,20112695.0,완득이,9.51,727
1414,20112207.0,미션임파서블:고스트프로토콜,9.18,315
1415,20102414.0,조선명탐정 : 각시투구꽃의 비밀,9.09,467
1416,20112534.0,도가니,9.23,646
1417,20111009.0,해리포터와 죽음의 성물2,9.6,1747
1418,20112173.0,리얼 스틸,9.26,381
1419,20110294.0,캐리비안의 해적: 낯선 조류,9.56,1023
1420,20110290.0,퀵,8.11,416
1421,20119515.0,고지전,6.0,552
1422,20113381.0,오싹한 연애,9.4,290
1423,20110896.0,혹성탈출: 진화의 시작,8.98,402
1424,20119618.0,위험한 상견례,8.31,162
1425,20143512.0,위험한 상견례 2,8.85,366
1426,20110561.0,엑스맨: 퍼스트 클래스,8.78,192
1427,20110613.0,의뢰인,9.36,232
1428,20112272.0,가문의 영광4 - 가문의 수난,5.33,431
1429,20110297.0,블라인드,8.9,232
1430,20126413.0,페이스 블라인드,7.0,36
1431,20119513.0,7광구,6.56,1859
1432,20110279.0,마당을 나온 암탉,9.15,716
1433,20102415.0,평양성,8.19,211
1434,20110211.0,토르: 천둥의 신,8.83,234
1435,20119337.0,그대를 사랑합니다,9.62,581
1436,20110185.0,분노의 질주: 언리미티드,9.46,127
1437,20110295.0,마이 웨이,7.25,798
1438,20110905.0,브레이킹 던 part1,9.61,1086
1439,20131681.0,드래곤볼Z : 신들의 전쟁,9.74,705
1440,20111987.0,신들의 전쟁,7.88,111
1441,20110221.0,소스 코드,9.06,102
1442,20110906.0,특수본,9.17,139
1443,20119974.0,수상한 고객들,9.42,295
1444,20112589.0,오직 그대만,9.6,526
1445,20136761.0,개구쟁이 스머프 2,8.95,122
1446,20111540.0,개구쟁이 스머프,8.98,208
1447,20101395.0,라푼젤,9.56,361
1448,20111571.0,파퍼씨네 펭귄들,9.64,221
1449,20102421.0,메가마인드,9.02,197
1450,20119619.0,체포왕,9.43,114
1451,19820019.0,만추,8.37,317
1452,20119637.0,킹스 스피치,9.31,103
1453,20112542.0,틴틴 : 유니콘호의 비밀,9.29,167
1454,20110233.0,화이트: 저주의 멜로디,8.2,495
1455,20110301.0,푸른소금,8.64,376
1456,20110251.0,풍산개,7.75,176
1457,20110303.0,통증,8.18,200
1458,20110296.0,고양이: 죽음을 보는 두 개의 눈,5.66,649
1459,20112651.0,삼총사 3D,8.79,117
1460,20119420.0,아이 엠 넘버 포,8.35,124
1461,20155423.0,시카리오: 암살자의 도시,9.71,48
1462,20110911.0,명탐정 코난 : 침묵의 15분,9.76,1264
1463,20112311.0,머니볼,9.28,61
1464,20112972.0,아더 크리스마스,9.09,135
1465,20112704.0,인 타임,9.28,119
1466,20111671.0,콜롬비아나,8.28,50
1467,20111928.0,너는 펫,8.89,689
1468,20112082.0,챔프,7.89,211
1469,20111113.0,퍼스트 어벤져,8.57,161
1470,20110656.0,슈퍼 에이트,8.26,173
1471,20111914.0,카운트다운,8.95,113
1472,20147790.0,캡틴 아메리카: 윈터 솔져,9.34,437
1473,20111249.0,카 2,8.93,88
1474,20119418.0,생텀,8.42,124
1475,20110899.0,세 얼간이,9.72,6091
1476,20110029.0,시즌 오브 더 위치: 마녀 호송단,8.68,40
1477,20110313.0,모비딕,8.35,72
1478,20119630.0,랭고,9.5,115
1479,20112762.0,티끌모아 로맨스,9.17,346
1480,20119511.0,사랑이 무서워,6.48,61
1481,20119771.0,내 이름은 칸,9.49,639
1482,20119768.0,레드 라이딩 후드,9.19,154
1483,20110612.0,커플즈,9.43,118
1484,20110250.0,짱구는 못말려 극장판 : 초시공! 태풍을 부르는 나의 신부,9.61,506
1485,20110581.0,링컨 차를 타는 변호사,8.75,51
1486,20119627.0,세상에서 가장 아름다운 이별,9.83,157
1487,20119720.0,마이 블랙 미니드레스,9.07,215
1488,20112709.0,극장판 포켓몬스터 베스트 위시「비크티니와 백의 영웅 레시라무」,9.38,118
1489,20119529.0,적과의 동침,8.51,238
1490,20119772.0,줄리아의 눈,8.96,137
1491,20112175.0,컨테이젼,8.29,92
1492,20119556.0,알파 앤 오메가,9.02,60
1493,20119972.0,노미오와 줄리엣,9.85,146
1494,20112708.0,극장판 포켓몬스터 베스트 위시 「비크티니와 흑의 영웅 제크로무」,9.51,201
1495,20110655.0,그린랜턴: 반지의 선택,7.92,143
1496,20112552.0,투혼,7.63,177
1497,20156281.0,성실한 나라의 앨리스,8.84,93
1498,20119667.0,굿모닝 에브리원,9.62,74
1499,20112303.0,코쿠리코 언덕에서,8.77,158
1500,20111536.0,쥴리의 육지 대모험,8.8,30
1501,20111034.0,바니버디,9.23,47
1502,20119358.0,127시간,8.72,354
1503,20119989.0,나는 아빠다,7.82,151
1504,20111893.0,킬러 엘리트,9.23,53
1505,20111892.0,어브덕션,4.93,303
1506,20119854.0,써커 펀치,8.12,92
1507,20112763.0,헬프,9.16,59
1508,20113271.0,프렌즈: 몬스터섬의비밀 3D,9.45,94
1509,20111702.0,극장판 도라에몽: 진구와 철인군단 날아라 천사들,9.07,168
1510,20113306.0,50/50,9.69,74
1511,20110071.0,제인 에어,9.74,38
1512,20119802.0,비스틀리,9.08,59
1513,20142407.0,오늘의 연애,9.28,959
1514,20110261.0,썬더일레븐 극장판 : 최강군단 오우거의 습격,9.55,290
1515,20119855.0,라스트 나잇,9.23,35
1516,20110660.0,정무문 : 100대 1의 전설,8.58,140
1517,20112117.0,로맨틱 크라운,9.49,63
1518,20110798.0,러브 앤 프렌즈,8.3,64
1519,20112221.0,히트,8.11,38
1520,20119419.0,웨이 백,9.24,117
1521,20149266.0,차이나타운,8.34,195
1522,20110609.0,기생령,8.25,177
1523,20110571.0,프리스트,5.64,327
1524,20112132.0,샤크 나이트 3D,6.57,67
1525,20112707.0,타워 하이스트,8.05,22
1526,20110292.0,옥보단 3D,7.87,47
1527,20119585.0,아따맘마 - 극장판,8.19,75
1528,20112821.0,프렌즈 위드 베네핏,8.27,11
1529,20110030.0,꿀벌 하치의 대모험,7.36,25
1530,20112822.0,청원,8.7,20
1531,20110289.0,회초리,9.33,196
1532,20113001.0,Mr.아이돌,9.09,646
1533,20119717.0,로맨틱 헤븐,9.72,71
1534,20119856.0,베니싱,4.69,283
1535,20112141.0,돈비 어프레이드 : 어둠 속의 속삭임,8.74,46
1536,20102413.0,극장판 메탈 베이블레이드 VS 태양 작열의 침략자 솔블레이즈,7.62,101
1537,20119806.0,미트 페어런츠 3,8.35,17
1538,20101278.0,그을린 사랑,9.17,7
1539,20119507.0,"사랑한다, 사랑하지 않는다",9.5,216
1540,20127401.0,레지던트 이블 5 : 최후의 심판,8.53,163
1541,20113307.0,블리츠,8.67,94
1542,20112209.0,언피니시드,8.0,10
1543,20119721.0,황당한 외계인: 폴,9.22,56
1544,20119527.0,헤드,9.12,50
1545,20113312.0,결정적 한방,9.13,69
1546,20112163.0,극장판 아따맘마3D : 엄마는 초능력자,8.19,75
1547,20111692.0,행오버 2,9.42,78
1548,20140241.0,고녀석 맛나겠다2 : 함께라서 행복해,9.18,139
1549,20111101.0,고 녀석 맛나겠다,9.38,156
1550,20116037.0,달빛 길어올리기,9.98,45
1551,20110172.0,더 라이트: 악마는 있다,9.36,28
1552,20110235.0,워터 포 엘리펀트,9.41,29
1553,20111116.0,별을 쫓는 아이,9.08,147
1554,20139164.0,표적,9.12,249
1555,20112971.0,스트레스를 부르는 그 이름 직장상사,9.12,24
1556,20112208.0,더 킥,8.8,281
1557,20112622.0,트리 오브 라이프,9.82,40
1558,20101392.0,소중한 날의 꿈,9.07,228
1559,20110490.0,인 어 베러 월드,9.36,12
1560,20110182.0,스크림 4G,8.44,57
1561,20119155.0,아프리카 마법여행,8.71,41
1562,20112973.0,퍼펙트 센스,9.48,21
1563,20111418.0,샤오린 : 최후의 결전,6.85,60
1564,20110254.0,북촌방향,9.57,8
1565,20101003.0,혈투,8.28,61
1566,20110023.0,세인트 클라우드,9.43,77
1567,20110171.0,마오의 라스트 댄서,9.56,91
1568,20112940.0,훈장과 악동들,8.0,5
1569,20101379.0,노다메 칸타빌레 최종악장,9.67,164
1570,20112553.0,쟈니 잉글리쉬2 : 네버다이,9.44,72
1571,20119718.0,지구대표 롤링스타즈,7.33,70
1572,20110027.0,아이 엠 러브,9.5,2
1573,20119589.0,더 브레이브,9.39,83
1574,20111891.0,드라이브 앵그리 3D,7.85,89
1575,20112701.0,무협,8.21,33
1576,20119244.0,환상의 그대,7.56,10
1577,20111532.0,원라이프,8.52,61
1578,20101344.0,파수꾼,9.75,38
1579,20119878.0,엄마 까투리,8.5,12
1580,20111031.0,돼지의 왕,8.18,38
1581,20112692.0,드라이브,8.38,21
1582,20110897.0,초(민망한)능력자들,7.7,57
1583,20112933.0,비기너스,9.12,8
1584,20119927.0,사랑을 카피하다,0.0,0
1585,20119770.0,세상의 모든 계절,8.67,4
1586,20110986.0,양과자점 코안도르,6.47,19
1587,20110089.0,허블 3D,9.35,17
1588,20140524.0,툼스톤,5.13,15
1589,20112314.0,비우티풀,9.6,10
1590,20113473.0,진짜로 일어날지도 몰라 기적,7.62,13
1591,20119555.0,슈퍼쇼3 3D,9.57,113
1592,20110903.0,헤어드레서,10.0,3
1593,20119486.0,서유기 리턴즈,8.76,186
1594,20110601.0,플레이,9.65,43
1595,20101279.0,코파카바나,10.0,3
1596,20110607.0,트루맛쇼,8.53,125
1597,20110900.0,사라의 열쇠,8.69,13
1598,20111533.0,극장판 메이저 : 우정의 강속구,9.35,80
1599,20119397.0,2010 빅뱅라이브콘서트 BIGSHOW 3D,9.59,213
1600,20119129.0,윈터스 본,4.92,12
1601,20119836.0,고양이 춤,9.66,180
1602,20101232.0,"혜화, 동",9.67,12
1603,20101242.0,무산일기,9.62,38
1604,20112541.0,씨민과 나데르의 별거,9.0,3
1605,20119501.0,최후의 툰드라-극장판,9.08,26
1606,20113151.0,모차르트 락 오페라,10.0,9
1607,20110913.0,타이페이 카페 스토리,9.89,9
1608,20124034.0,도둑들,8.67,704
1609,20136800.0,넛잡: 땅콩 도둑들,8.94,405
1610,20124079.0,"광해, 왕이 된 남자",9.79,278
1611,20148493.0,어벤져스: 에이지 오브 울트론,9.52,2891
1612,20124721.0,어벤져스,9.44,1261
1613,20124054.0,늑대소년,9.28,1168
1614,20124067.0,바람과 함께 사라지다,9.54,128
1615,20126077.0,어메이징 스파이더맨,7.86,1066
1616,20113557.0,범죄와의 전쟁: 나쁜놈들 전성시대,9.31,227
1617,20113554.0,내 아내의 모든 것,9.13,128
1618,20124062.0,연가시,7.8,1081
1619,20124074.0,건축학개론,9.01,571
1620,20113535.0,부러진 화살,8.74,291
1621,20113885.0,맨 인 블랙 3,9.56,306
1622,20088506.0,26년,5.89,15813
1623,20124075.0,내가 살인범이다,9.04,875
1624,20126469.0,브레이킹 던 part2,9.48,1158
1625,20113533.0,후궁 : 제왕의 첩,7.3,168
1626,20125048.0,호빗: 뜻밖의 여정,9.72,1080
1627,20124050.0,화차,7.7,10
1628,20125920.0,이웃사람,9.49,299
1629,20113461.0,007 스카이폴,9.13,238
1630,20112134.0,배틀쉽,8.98,428
1631,20154141.0,스타워즈: 깨어난 포스,9.0,614
1632,20124936.0,나의 PS 파트너 ,8.79,480
1633,20124399.0,반창꼬,9.15,773
1634,20113916.0,러브픽션,9.45,173
1635,20126667.0,아이스 에이지 4: 대륙 이동설,9.63,171
1636,20124063.0,공모자들,9.59,113
1637,20110249.0,하울링,3.24,51
1638,20124057.0,용의자X,9.93,199
1639,20124065.0,차형사,9.1,250
1640,20124066.0,은교,8.33,209
1641,20124400.0,간첩,9.57,72
1642,20124032.0,간기남,8.81,81
1643,20127634.0,메리다와 마법의 숲,8.82,60
1644,20125647.0,토탈 리콜,9.59,66
1645,20124049.0,R2B: 리턴투베이스,8.98,749
1646,20124064.0,돈의 맛,7.2,182
1647,20113886.0,회사원,9.62,192
1648,20126409.0,본 레거시,9.22,330
1649,20128687.0,가문의 영광5 - 가문의 귀환,8.37,837
1650,20124051.0,시체가 돌아왔다,8.56,145
1651,20113671.0,원더풀 라디오,9.01,261
1652,20124348.0,돈 크라이 마미,7.92,1398
1653,20125086.0,프로메테우스,9.14,224
1654,20113887.0,점쟁이들,9.29,73
1655,20124096.0,디스 민즈 워,9.28,29
1656,20124629.0,존 카터: 바숨 전쟁의 서막 ,8.55,117
1657,20124080.0,나는 왕이로소이다,7.62,93
1658,20113745.0,스노우 화이트 앤 더 헌츠맨,9.2,271
1659,20129388.0,주먹왕 랄프,9.12,229
1660,20113532.0,미쓰GO,8.01,142
1661,20124127.0,헝거게임: 판엠의 불꽃,9.46,409
1662,20124934.0,피에타,9.4,75
1663,20124420.0,맨 온 렛지,8.91,45
1664,20129368.0,파파로티,9.28,682
1665,20125866.0,다크 섀도우,9.5,171
1666,20128270.0,루퍼,9.9,43
1667,20127306.0,명탐정 코난: 11번째 스트라이커,9.81,813
1668,20124055.0,아부의 왕,8.19,91
1669,20124946.0,락아웃: 익스트림미션,7.98,45
1670,20110882.0,밀레니엄 : 여자를 증오한 남자들,9.02,66
1671,20125916.0,두 개의 달,7.54,123
1672,20124666.0,크로니클,9.06,84
1673,20101069.0,데블,8.04,50
1674,20126686.0,미드나잇 인 파리,9.27,55
1675,20125338.0,링컨: 뱀파이어 헌터,9.33,55
1676,20125406.0,음치 클리닉 ,8.07,619
1677,20127494.0,늑대아이,9.83,134
1678,20127546.0,남영동1985,6.83,1072
1679,20158242.0,무서운 이야기 3 : 화성에서 온 소녀,7.48,175
1680,20136058.0,무서운 이야기 2,8.75,746
1681,20128247.0,극장판 포켓몬스터 베스트위시「큐레무 VS 성검사 케르디오」,9.21,293
1682,20127108.0,모모와 다락방의 수상한 요괴들,9.0,130
1683,20127887.0,빌리와 용감한 녀석들 3D,10.0,16
1684,20113889.0,로렉스,9.22,65
1685,20129626.0,위험한 관계,8.06,98
1686,20124021.0,더 그레이,10.0,2
1687,20113472.0,우리는 동물원을 샀다,9.29,49
1688,20123217.0,극장판 포켓몬스터 베스트위시「메로엣타의 반짝반짝 음악회」,9.83,15
1689,20125427.0,짱구는 못말려 극장판: 태풍을 부르는 황금스파이 대작전,9.23,194
1690,20111774.0,가비,8.88,139
1691,20156749.0,19곰 테드 2,9.04,85
1692,20129166.0,19곰 테드,10.0,22
1693,20126388.0,잠베지아: 신비한 나무섬의 비밀,8.04,77
1694,20124874.0,서약,10.0,1
1695,20124070.0,강철대오:구국의 철가방,8.79,155
1696,20126566.0,캐빈 인 더 우즈,8.63,43
1697,20113391.0,나는 공무원이다,9.15,66
1698,20126089.0,자칼이 온다,8.76,1681
1699,20129092.0,테드: 황금도시 파이티티를 찾아서,10.0,17
1700,20113811.0,코알라 키드 : 영웅의 탄생,9.62,256
1701,20112561.0,원 데이,8.7,399
1702,20127266.0,극장판 도라에몽: 진구와 기적의 섬 애니멀 어드벤처,9.24,62
1703,20124449.0,세이프 하우스,9.66,29
1704,20113652.0,다크아워,7.66,67
1705,20113821.0,더 레이븐,8.59,46
1706,20129790.0,아르고,8.98,79
1707,20124609.0,액트 오브 밸러: 최정예 특수부대 ,9.39,124
1708,20125646.0,사다코 3D : 죽음의 동영상,8.19,223
1709,20126745.0,리미트리스,8.94,162
1710,20131206.0,아티스트 봉만대,8.7,268
1711,20122192.0,극장판 파워레인저: 캡틴포스 VS 미라클포스 199 히어로 대결전 ,9.1,212
1712,20124058.0,5백만불의 사나이,6.74,257
1713,20068590.0,인류멸망 보고서,7.15,433
1714,20128271.0,577 프로젝트,8.33,63
1715,20113883.0,초한지 - 천하대전,8.55,42
1716,20120430.0,철가방 우수氏,9.46,388
1717,20127086.0,락 오브 에이지,9.29,44
1718,20125907.0,콜드 라잇 오브 데이,9.24,34
1719,20124134.0,팅커 테일러 솔저 스파이,9.28,109
1720,20151201.0,레전드 오브 래빗: 불의 전설,6.42,65
1721,20113982.0,레전드 오브 래빗,6.2,104
1722,20125806.0,극장판 썬더일레븐GO : 궁극의 우정 그리폰,9.48,176
1723,20120021.0,조조-황제의 반란,10.0,22
1724,20112443.0,두 개의 문,4.58,561
1725,20120362.0,나우이즈굿 ,9.23,75
1726,20113881.0,하이힐을 신고 달리는 여자,8.4,25
1727,20129407.0,로우리스: 나쁜 영웅들,10.0,20
1728,20129260.0,우리도 사랑일까,8.0,3
1729,20124551.0,휴고,8.97,117
1730,20124738.0,돌아온 파워레인저 미라클포스,8.86,35
1731,20126410.0,헤이와이어,5.51,41
1732,20120421.0,살인소설,8.85,102
1733,20113981.0,디센던트,9.0,19
1734,20124873.0,콘트라밴드,9.57,7
1735,20150741.0,인시디어스 3,8.63,181
1736,20135657.0,인시디어스: 두번째 집,8.69,231
1737,20124011.0,빅 미라클,9.1,20
1738,20124061.0,두 번의 결혼식과 한 번의 장례식,8.67,87
1739,20126617.0,더 씽,8.25,96
1740,20128272.0,레드라이트,7.6,11
1741,20120661.0,저지드레드 3D,7.13,135
1742,20124726.0,스탠리의 도시락 ,9.53,19
1743,20120942.0,밀림의 왕자 레오2,8.38,30
1744,20125126.0,킹메이커,9.06,18
1745,20113486.0,케빈에 대하여,8.33,9
1746,20152781.0,배트맨 대 슈퍼맨: 저스티스의 시작,8.47,1139
1747,20144324.0,스페이스 독 2,10.0,7
1748,20124939.0,스페이스 독,5.33,3
1749,20113201.0,하트 브레이커,9.06,18
1750,20129146.0,인피니트 콘서트 세컨드 인베이전 에볼루션 더 무비 3D,0.0,544
1751,20112808.0,말하는 건축가,9.0,16
1752,20121628.0,더 스토리: 세상에 숨겨진 사랑,9.5,27
1753,20111416.0,두레소리,9.44,37
1754,20128588.0,"그 시절, 우리가 좋아했던 소녀",9.94,42
1755,20124917.0,복숭아나무,8.59,311
1756,20125106.0,코난: 암흑의 시대,7.84,129
1757,20126408.0,시작은 키스!,8.3,12
1758,20124350.0,다른나라에서,8.9,21
1759,20125346.0,벨 아미,8.25,21
1760,20121281.0,내 인생의 마지막 변화구 ,8.84,53
1761,20125649.0,데인저러스 메소드,9.0,45
1762,20127706.0,매직 마이크,9.67,19
1763,20120943.0,아워 이디엇 브라더 ,8.72,133
1764,20125486.0,머신건 프리처,9.35,74
1765,20124023.0,원 포 더 머니,8.89,19
1766,20124552.0,밀림의 왕자 레오: 세상을 바꾸는 용기,8.0,10
1767,20122101.0,아무르,9.17,50
1768,20113481.0,자전거 탄 소년,9.5,4
1769,20126506.0,폭풍의 언덕,7.71,24
1770,20128746.0,서칭 포 슈가맨,0.0,5
1771,20121244.0,코드네임 제로니모,7.15,115
1772,20124530.0,지상의 별처럼,9.63,34
1773,20121550.0,개들의 전쟁,9.15,144
1774,20125467.0,레이드 : 첫번째 습격,8.45,67
1775,20128306.0,피나,9.71,8
1776,20128707.0,웨딩스캔들,0.0,16
1777,20129446.0,사랑의 침묵 ,0.0,2
1778,20128549.0,대학살의 신,9.5,7
1779,20120127.0,파괴자들,6.87,56
1780,20100752.0,달팽이의 별,8.82,11
1781,20124186.0,마릴린 먼로와 함께한 일주일,9.46,46
1782,20129089.0,한경직,0.0,26
1783,20125967.0,멜랑콜리아,9.31,28
1784,20124114.0,신과 인간,10.0,9
1785,20125306.0,런던 블러바드,7.2,5
1786,20125307.0,하늘이 보내준 딸,7.95,22
1787,20124872.0,비스트 앵콜 콘서트  3D,9.72,168
1788,20128530.0,아메리칸 파이: 19금 동창회,10.0,5
1789,20126026.0,블루 발렌타인,9.08,36
1790,20113501.0,치코와 리타,9.75,4
1791,20120541.0,MB의 추억,9.18,186
1792,20124098.0,원피스 3D : 밀짚모자 체이스,7.64,74
1793,20126010.0,파닥파닥,9.59,50
1794,20113822.0,원스 어게인,9.85,26
1795,20127406.0,내 슬픈 창녀들의 추억,7.73,11
1796,20129046.0,럼 다이어리,9.44,17
1797,20129227.0,익스트림 No.13,9.5,4
1798,20127726.0,시스터 ,9.67,5
1799,20124060.0,범죄소년,8.28,160
1800,20126446.0,해피 해피 브레드,7.83,8
1801,20125766.0,야곱 신부의 편지,10.0,4
1802,20120107.0,내가 고백을 하면,8.03,31
1803,20124933.0,황제펭귄 펭이와 솜이,9.5,9
1804,20121923.0,엔드 오브 왓치,9.12,30
1805,20125567.0,밤의 이야기,9.77,49
1806,20162042.0,아노말리사,7.22,36
1807,20128977.0,손오공: 돌원숭이의 탄생,0.0,1
1808,20121095.0,심플 라이프,9.54,67
1809,20113482.0,미래는 고양이처럼,9.0,3
1810,20113491.0,세 번째 사랑,9.0,1
1811,20127593.0,7번방의 선물,9.53,775
1812,20126674.0,설국열차,8.17,4350
1813,20126091.0,관상,9.51,1590
1814,20124083.0,베를린,8.83,1243
1815,20126672.0,은밀하게 위대하게,9.59,12901
1816,20134803.0,변호인,6.07,26722
1817,20136052.0,더 테러 라이브,7.62,2063
1818,20122783.0,감시자들,8.35,1101
1819,20122122.0,월드 워 Z,9.29,1007
1820,20124401.0,신세계,8.99,585
1821,20124935.0,박수건달,8.97,826
1822,20152871.0,스파이 브릿지,9.28,197
1823,20155010.0,슈퍼 스파이: 수상한 임무,9.64,25
1824,20124937.0,감기,7.83,2081
1825,20138355.0,토르: 다크 월드,9.47,719
1826,20136962.0,레드: 더 레전드,8.78,396
1827,20137044.0,친구 2,7.53,2152
1828,20135428.0,어바웃 타임,9.62,296
1829,20138881.0,나우 유 씨 미 : 마술사기단,9.38,388
1830,20159641.0,위대한 소원,8.9,336
1831,20134582.0,소원,9.45,2827
1832,20041524.0,극장판 포켓몬스터 AG - 아름다운 소원의 별 지라치,8.04,140
1833,20136961.0,퍼시픽 림,8.55,922
1834,20162941.0,컨저링 2,8.94,178
1835,20131381.0,컨저링,8.01,845
1836,20137961.0,맨 오브 스틸,9.33,971
1837,20124938.0,용의자,9.28,931
1838,20134267.0,호빗: 스마우그의 폐허,9.72,1017
1839,20128690.0,연애의 온도,8.62,451
1840,20113972.0,지.아이.조 2,8.78,597
1841,20135221.0,분노의 질주: 더 맥시멈,9.68,521
1842,20134123.0,집으로 가는 길,7.49,1179
1843,20125333.0,전설의 주먹,8.29,638
1844,20123329.0,스타트렉 다크니스,9.41,648
1845,20128386.0,라이프 오브 파이,9.19,258
1846,20134181.0,오블리비언,9.3,446
1847,20123387.0,다이하드: 굿 데이 투 다이,8.5,392
1848,20126671.0,런닝맨,9.17,798
1849,20124082.0,미스터 고,8.52,5625
1850,20123381.0,깡철이,9.07,676
1851,20137811.0,엘리시움,9.01,405
1852,20129114.0,더 웹툰: 예고살인,8.61,477
1853,20135241.0,웜 바디스,9.53,876
1854,20120426.0,고령화 가족,8.82,307
1855,20138544.0,헝거게임: 캣칭 파이어,9.15,521
1856,20137121.0,더 울버린,7.75,630
1857,20138202.0,에픽 : 숲속의 전설 ,8.62,880
1858,20123641.0,잭 더 자이언트 킬러,9.46,145
1859,20135362.0,크루즈 패밀리,9.54,336
1860,20123681.0,뽀로로 극장판 슈퍼썰매 대모험,9.01,154
1861,20124402.0,열한시,8.44,271
1862,20135001.0,몬스터 대학교,9.35,478
1863,20125990.0,남쪽으로 튀어,8.73,374
1864,20123333.0,잭 리처,9.14,231
1865,20134801.0,더 파이브,9.02,538
1866,20121861.0,더 임파서블,8.08,308
1867,20129588.0,섀도우 헌터스: 뼈의 도시,8.02,241
1868,20137815.0,화이트 하우스 다운,8.47,169
1869,20134407.0,사이코메트리,9.42,615
1870,20137562.0,퍼시 잭슨과 괴물의 바다,8.66,540
1871,20126087.0,남자사용설명서,8.9,1109
1872,20134984.0,다이노소어 어드벤처 3D,8.78,85
1873,20139981.0,캐치미,9.36,773
1874,20020011.0,캐치 미 이프 유 캔,8.29,15
1875,20134206.0,썬더와 마법저택,9.12,101
1876,20138223.0,노브레싱,9.11,2233
1877,20124024.0,클라우드 아틀라스,8.04,1329
1878,20110881.0,창수,9.45,476
1879,20058720.0,명탐정 코난 : 수평선상의 음모,9.19,549
1880,20122625.0,오즈 그레이트 앤드 파워풀,9.05,150
1881,20128691.0,미나문방구,7.62,3146
1882,20133924.0,빌리와 용감한 녀석들 2 ,8.68,199
1883,20135370.0,이스케이프 플랜,8.85,120
1884,20123421.0,눈의 여왕,9.22,179
1885,20143344.0,눈의 여왕 2: 트롤의 마법거울,8.16,114
1886,20123384.0,밤의 여왕,8.97,384
1887,20132821.0,캡틴 필립스,9.25,244
1888,20128747.0,분노의 윤리학,9.1,161
1889,20150461.0,스티브 잡스,8.03,118
1890,20139265.0,잡스,8.48,870
1891,20135427.0,세이빙 산타,8.51,301
1892,20136741.0,짱구는 못말려 극장판:태풍을 부르는 나와 우주의 프린세스,9.21,392
1893,20136138.0,송 포 유,9.38,342
1894,20134562.0,비포 미드나잇,9.57,205
1895,20122786.0,응징자,8.62,198
1896,20126583.0,마이 리틀 히어로,9.1,617
1897,20123644.0,해양경찰 마르코,9.19,133
1898,20137963.0,백악관 최후의 날,8.08,437
1899,20134603.0,로마 위드 러브,8.53,224
1900,20048799.0,명탐정 코난:은빛 날개의 마술사,9.14,1093
1901,20120428.0,톱스타,8.37,167
1902,20131246.0,엔더스 게임,9.12,1128
1903,20123821.0,더 자이언트,8.92,141
1904,20131630.0,히든 카드,8.59,59
1905,20120108.0,지슬 - 끝나지 않은 세월2,6.74,718
1906,20131541.0,블루 재스민,9.02,62
1907,20149831.0,더 퍼지 : 거리의 반란,6.95,124
1908,20139601.0,더 퍼지,5.64,755
1909,20133152.0,카운슬러,9.05,215
1910,20132824.0,리딕,8.97,167
1911,20132120.0,러시 : 더 라이벌,9.44,217
1912,20123484.0,실버라이닝 플레이북,9.36,670
1913,20134268.0,버틀러: 대통령의 집사,9.74,52
1914,20139383.0,극장판 도라에몽: 진구의 비밀도구 박물관,8.7,148
1915,20134124.0,배우는 배우다,9.39,1361
1916,20129262.0,제로 다크 서티,8.28,286
1917,20139826.0,마지막 4중주,9.32,22
1918,20134046.0,월터의 상상은 현실이 된다,9.16,243
1919,20138421.0,R.I.P.D. : 알.아이.피.디.,8.57,158
1920,20132261.0,로덴시아: 마법왕국의 전설,9.39,93
1921,20134983.0,원피스 극장판 Z,9.54,781
1922,20138141.0,더 콜,8.94,670
1923,20136662.0,뷰티풀 크리처스,9.43,291
1924,20126253.0,토토의 움직이는 숲,8.56,27
1925,20139263.0,쿵후팬더: 영웅의 탄생,7.02,1916
1926,20134144.0,화이트 고릴라,8.91,47
1927,20120381.0,피노키오: 당나귀 섬의 비밀,8.71,86
1928,20137041.0,우리 선희,8.81,62
1929,20120103.0,닥터,8.32,275
1930,20139141.0,토니 스토리: 깡통제국의 비밀,8.28,132
1931,20123422.0,라스트 스탠드,8.43,300
1932,20128079.0,정글번치 : 빙산으로의 귀환,7.97,37
1933,20136921.0,에반게리온: Q,9.14,900
1934,20135443.0,산타의 매직 크리스탈,8.28,25
1935,20135581.0,호프 스프링즈,8.59,45
1936,20135942.0,돌핀 : 꿈꾸는 다니엘의 용감한 모험,7.91,23
1937,20147848.0,꼬마영웅 경찰차 프로디2,9.33,15
1938,20136783.0,꼬마영웅 경찰차 프로디,8.9,21
1939,20126003.0,길위에서,9.38,16
1940,20134042.0,스카이포스 3D,8.81,124
1941,20139083.0,언어의 정원,9.21,837
1942,20131245.0,블랙 가스펠,9.49,229
1943,20133704.0,그렇게 아버지가 된다,8.93,43
1944,20127597.0,뜨거운 안녕,9.52,1456
1945,20132262.0,적인걸2 : 신도해왕의 비밀,8.97,138
1946,20130569.0,슈퍼윙스 3D,8.95,83
1947,20131001.0,프리버즈: 밍쿠와 찌아의 도시 대탈출,6.37,1783
1948,20134102.0,글래디에이터: 로마 영웅 탄생의 비밀 3D,6.71,83
1949,20098169.0,쥬라기 월드,9.26,899
1950,20134869.0,호스트,8.16,147
1951,20137082.0,스니치,9.33,30
1952,20133760.0,세이프 헤이븐,8.59,298
1953,20137422.0,폭풍우 치는 밤에: 비밀 친구,8.15,54
1954,20139723.0,사이드 이펙트,7.59,148
1955,20135369.0,저스틴,7.88,117
1956,20138201.0,극장판 썬더일레븐 GO VS 골판지 전사 W,8.33,150
1957,20139461.0,뫼비우스,6.52,420
1958,20121741.0,누구의 딸도 아닌 해원,8.88,57
1959,20123741.0,드래곤 헌터,7.31,147
1960,20138982.0,마스터 ,7.17,84
1961,20155740.0,아이돌 마스터 무비 : 빛의 저편으로!,7.25,320
1962,20138884.0,빅 웨딩,8.84,80
1963,20133881.0,러스트 앤 본,8.95,85
1964,20138712.0,꼭두각시,8.41,590
1965,20132807.0,어떤 시선,9.11,18
1966,20134244.0,극장판 나루토 질풍전: 로드 투 닌자,9.73,959
1967,20134645.0,머드 ,8.67,146
1968,20138350.0,쾌걸 조로리의 대대대대모험,1.57,710
1969,20135368.0,스파이크,9.23,43
1970,20134044.0,빅 픽처,8.92,51
1971,20122581.0,빨간머리 앤 : 그린게이블로 가는 길,9.66,64
1972,20131281.0,부에노스 아이레스에서 사랑에 빠질 확률,7.7,33
1973,20138226.0,우아한 거짓말,9.58,544
1974,20134222.0,알렉스 크로스,7.11,272
1975,20138272.0,프라미스드 랜드 ,9.05,44
1976,20135521.0,잉여들의 히치하이킹,9.38,79
1977,20134068.0,까밀 리와인드,8.91,43
1978,20131263.0,사이비,9.28,144
1979,20130421.0,플레이스 비욘드 더 파인즈,9.05,38
1980,20137585.0,천안함 프로젝트,2.04,6708
1981,20121455.0,아기기린 자라파,9.2,51
1982,20123603.0,플라이트,8.39,300
1983,20133603.0,다이애나,8.64,92
1984,20138222.0,완전 소중한 사랑,9.42,144
1985,20135837.0,꼬마마녀 요요와 네네,9.72,43
1986,20058701.0,러브레이스,8.16,150
1987,20134061.0,세상의 끝까지 21일,8.5,114
1988,20123221.0,부도리의 꿈 ,9.55,115
1989,20122223.0,홀리 모터스,7.77,74
1990,20159141.0,피치 퍼펙트: 언프리티 걸즈,9.18,125
1991,20137081.0,이별계약,8.47,55
1992,20139121.0,인 더 하우스,9.0,20
1993,20139081.0,타이치0 3D,7.33,434
1994,20122221.0,앤젤스 셰어: 천사를 위한 위스키,9.0,18
1995,20136782.0,월플라워,9.35,565
1996,20130482.0,잉투기,8.89,81
1997,20134621.0,터치 오브 라이트,9.22,254
1998,20120110.0,명왕성,8.84,260
1999,20130250.0,베이트,5.69,198
2000,20122229.0,로얄 어페어,8.43,114
2001,20132381.0,호비와 후후의 대모험: 무지개꽃을 구하라,7.89,18
2002,20132481.0,쇼를 사랑한 남자,7.21,47
2003,20122865.0,데드폴,7.76,50
2004,20129786.0,공정사회,8.77,138
2005,20134027.0,갬빗,8.14,124
2006,20132805.0,안녕?! 오케스트라,8.82,40
2007,20135278.0,피치 퍼펙트,8.5,328
2008,20134484.0,어느 예술가의 마지막 일주일,9.21,24
2009,20120801.0,48미터,9.73,447
2010,20132722.0,올 이즈 로스트,9.49,57
2011,20137061.0,사랑은 타이핑 중!,9.0,39
2012,20123004.0,새 구두를 사야해,8.94,17
2013,20137722.0,킥 애스 2 : 겁없는 녀석들,8.83,457
2014,20135907.0,브로큰 시티,8.5,30
2015,20138482.0,아유레디?,7.82,51
2016,20123521.0,콰르텟,9.27,255
2017,20134362.0,극장판 토리코 : 미식신의 스페셜메뉴,9.69,151
2018,20138882.0,코스모폴리스,8.62,48
2019,20133159.0,토마스와 친구들: 블루마운틴 미스터리,7.26,19
2020,20122232.0,세션 : 이 남자가 사랑하는 법   ,9.4,10
2021,20134062.0,페어리테일: 봉황의 무녀,9.83,852
2022,20113917.0,파라노만,8.02,130
2023,20136281.0,모래가 흐르는 강,7.45,11
2024,20122005.0,"다시, 뜨겁게 사랑하라!",7.94,32
2025,20121094.0,로봇 앤 프랭크,8.97,250
2026,20132167.0,당신에게도 사랑이 다시 찾아올까요?,7.63,81
2027,20129370.0,명량,8.63,1682
2028,20136803.0,겨울왕국,9.62,1075
2029,20149120.0,인터스텔라,9.57,815
2030,20136064.0,해적: 바다로 간 산적,8.11,1667
2031,20137048.0,국제시장,8.76,1237
2032,20123501.0,군도: 민란의 시대,9.27,1750
2033,20147669.0,엑스맨: 데이즈 오브 퓨처 패스트,9.16,698
2034,20148973.0,혹성탈출: 반격의 서막,8.88,356
2035,20139183.0,역린,9.04,1285
2036,20141111.0,"님아, 그 강을 건너지 마오",9.8,192
2037,20139201.0,신의 한 수,8.82,494
2038,20130442.0,끝까지 간다,9.57,997
2039,20149629.0,비긴 어게인,9.59,454
2040,20150622.0,메이즈 러너: 스코치 트라이얼,9.38,851
2041,20140431.0,메이즈 러너,9.54,324
2042,20140226.0,호빗: 다섯 군대 전투,9.61,897
2043,20147930.0,나의 사랑 나의 신부,9.17,285
2044,20147299.0,논스톱,9.0,3
2045,20149811.0,인투 더 스톰,9.0,388
2046,20158069.0,노아의 방주: 남겨진 녀석들,9.55,246
2047,20133602.0,노아,2.33,3
2048,20137043.0,남자가 사랑할 때,9.07,461
2049,20135656.0,루시,7.99,613
2050,20149265.0,기술자들,8.83,980
2051,20140425.0,나를 찾아줘,9.09,118
2052,20134589.0,제보자,8.57,553
2053,20139881.0,피끓는 청춘,9.38,1290
2054,20134594.0,두근두근 내 인생,5.61,3152
2055,20140842.0,엑소더스: 신들과 왕들,9.04,322
2056,20134082.0,해무(海霧),9.0,1478
2057,20133322.0,인간중독,7.83,273
2058,20148383.0,말레피센트,9.57,178
2059,20134028.0,폼페이: 최후의 날,8.72,167
2060,20140694.0,퓨리,9.21,262
2061,20141261.0,드라큘라: 전설의 시작,8.75,115
2062,20134590.0,빅매치,8.76,566
2063,20135386.0,슬로우 비디오,9.07,993
2064,20129787.0,방황하는 칼날,9.16,290
2065,20148842.0,우리는 형제입니다,8.34,169
2066,20141113.0,애나벨,8.98,128
2067,20140402.0,헝거게임: 모킹제이,9.42,439
2068,20136802.0,카트,9.67,8787
2069,20130561.0,관능의 법칙,7.65,217
2070,20147727.0,그랜드 부다페스트 호텔,9.45,84
2071,20138962.0,리오 2,9.34,1655
2072,20149846.0,"안녕, 헤이즐",9.39,297
2073,20130522.0,트랜센던스,8.92,359
2074,20147176.0,상의원,8.76,526
2075,20138224.0,플랜맨,9.09,509
2076,20132482.0,우는 남자,8.18,381
2077,20134533.0,타잔 3D,9.06,437
2078,20147129.0,패션왕,6.43,2228
2079,20134591.0,황제를 위하여,8.61,308
2080,20136812.0,더 울프 오브 월스트리트,9.23,167
2081,20136866.0,노예 12년,9.37,791
2082,20122787.0,또 하나의 약속,9.76,4125
2083,20147931.0,소녀괴담,7.46,183
2084,20126090.0,조선미녀삼총사,7.44,1183
2085,20136863.0,마담 뺑덕,8.03,285
2086,20136043.0,신이 보낸 사람,8.81,1540
2087,20162627.0,다이버전트 시리즈: 얼리전트,8.79,154
2088,20147283.0,다이버전트,8.57,161
2089,20149394.0,주온 : 끝의 시작,8.56,542
2090,20148745.0,좋은 친구들,7.94,192
2091,20148132.0,닌자터틀,8.07,313
2092,20149567.0,명탐정 코난 : 이차원의 저격수,9.65,567
2093,20148626.0,나의 독재자,8.46,980
2094,20133601.0,천재 강아지 미스터 피바디,9.66,325
2095,20136062.0,하이힐,8.6,275
2096,20147968.0,선 오브 갓,7.38,260
2097,20136337.0,잭 라이언 : 코드네임 쉐도우,9.0,106
2098,20134592.0,"극장판 포켓몬스터 베스트위시: 신의 속도 게노세크트, 뮤츠의 각성",9.13,153
2099,20143422.0,숲속으로,9.61,158
2100,20139964.0,레드카펫,8.85,258
2101,20149978.0,비행기 2: 소방구조대,8.17,30
2102,20147096.0,프랑켄슈타인: 불멸의 영웅,7.69,131
2103,20142421.0,"러브, 로지",8.87,113
2104,20148686.0,오큘러스,8.34,89
2105,20143543.0,사랑에 대한 모든 것,8.99,101
2106,20149970.0,마야,9.66,74
2107,20140458.0,노벰버 맨,8.75,87
2108,20148728.0,창문 넘어 도망친 100세 노인,9.37,131
2109,20148877.0,그레이스 오브 모나코,9.09,57
2110,20136445.0,레고 무비,9.15,195
2111,20148648.0,극장판 루팡 3세 VS 명탐정 코난,9.22,256
2112,20134122.0,한공주,9.42,144
2113,20147609.0,헤라클레스 : 레전드 비긴즈,7.61,1163
2114,20141281.0,"극장판 파워레인저 다이노포스VS고버스터즈 공룡 대결전! ~안녕, 영원한 친구여!~",9.14,93
2115,20134588.0,덕수리 5형제,8.47,248
2116,20149287.0,덤 앤 더머 투,9.26,223
2117,20147953.0,론 서바이버 ,9.22,757
2118,20149984.0,컬러풀 웨딩즈,9.41,107
2119,20149910.0,보이후드,9.39,36
2120,20143602.0,일곱난쟁이,8.96,365
2121,20068659.0,명탐정 코난 : 탐정들의 진혼가 ,9.3,488
2122,20147683.0,라스트베가스,9.59,354
2123,20136312.0,아빠를 빌려드립니다,9.37,491
2124,20140181.0,극장판 도라에몽: 진구의 아프리카 모험 ~베코와 5인의 탐험대~,9.58,252
2125,20147250.0,폴리스 스토리 2014,9.69,305
2126,20134585.0,가시,7.91,244
2127,20148830.0,마담 프루스트의 비밀정원,9.52,44
2128,20148927.0,맨홀,7.29,726
2129,20142843.0,꾸뻬씨의 행복여행,9.51,144
2130,20149758.0,터키,8.98,82
2131,20149099.0,더 기버: 기억전달자,9.44,257
2132,20134586.0,도희야,8.93,92
2133,20149288.0,더 시그널,7.63,121
2134,20148232.0,니드 포 스피드,8.89,152
2135,20133585.0,인사이드 르윈 ,9.34,65
2136,20140247.0,베리 굿 걸,9.33,85
2137,20142301.0,박스트롤,9.92,26
2138,20147694.0,슈퍼미니,9.0,81
2139,20136894.0,살인자,9.28,196
2140,20149568.0,허큘리스,8.77,116
2141,20147971.0,짱구는 못말려 극장판：엄청 맛있어! B급 음식 서바이벌!,9.11,212
2142,20147693.0,원 챈스,9.48,90
2143,20147928.0,터널 3D,7.29,320
2144,20147948.0,페이스 오브 러브,9.57,210
2145,20142023.0,아더 우먼,8.11,133
2146,20147684.0,리스본행 야간열차,8.72,81
2147,20149415.0,쿰바: 반쪽무늬 얼룩말의 대모험,9.35,48
2148,20149140.0,브릭 맨션: 통제불능 범죄구역,8.09,227
2149,20136926.0,프란시스 하,8.89,27
2150,20141028.0,정글히어로,9.21,80
2151,20147678.0,어거스트: 가족의 초상,9.29,124
2152,20147430.0,모뉴먼츠 맨: 세기의 작전,9.45,161
2153,20147625.0,달라스 바이어스 클럽,9.34,103
2154,20149931.0,인보카머스,8.51,98
2155,20141088.0,5일의 마중,9.15,33
2156,20140196.0,프랭크,9.24,67
2157,20141961.0,내가 잠들기 전에,8.19,36
2158,20136292.0,"가장 따뜻한 색, 블루",9.41,79
2159,20134070.0,어네스트와 셀레스틴,9.48,318
2160,20141706.0,다이빙벨,3.08,2453
2161,20142798.0,"제자, 옥한흠",7.22,18
2162,20148834.0,베스트 오퍼,9.12,195
2163,20149441.0,내 연애의 기억,8.97,112
2164,20149257.0,설계,6.52,135
2165,20132799.0,족구왕,9.38,125
2166,20147282.0,우리별 일호와 얼룩소,7.76,224
2167,20142321.0,울브스,8.36,77
2168,20147970.0,그레이트 뷰티,8.08,60
2169,20130574.0,개를 훔치는 완벽한 방법,9.27,467
2170,20149271.0,나쁜 이웃들 ,8.45,47
2171,20149125.0,천국에 다녀온 소년,9.16,37
2172,20147527.0,그날 본 꽃의 이름을 우리는 아직 모른다,9.77,992
2173,20148840.0,자유의 언덕,9.21,28
2174,20147679.0,필로미나의 기적,9.43,77
2175,20124047.0,백프로,9.54,425
2176,20148277.0,몬스터 왕국,8.13,105
2177,20147372.0,슈퍼노바 지구 탈출기,8.61,97
2178,20136805.0,파가니니: 악마의 바이올리니스트,9.56,59
2179,20123662.0,만신,9.29,181
2180,20141704.0,목숨,9.38,210
2181,20147691.0,초콜렛 도넛,9.12,96
2182,20136586.0,오직 사랑하는 이들만이 살아남는다,9.7,180
2183,20149796.0,"메밀꽃, 운수 좋은 날, 그리고 봄봄",9.38,104
2184,20143314.0,꼬마 잠수함 올리 2,9.06,53
2185,20147880.0,위크엔드 인 파리,9.87,15
2186,20143343.0,무드 인디고,8.96,76
2187,20136575.0,배틀 오브 비보이,8.29,42
2188,20140459.0,킬 유어 달링,9.06,189
2189,20148347.0,마이 블랭키,9.22,18
2190,20148997.0,동경가족,8.35,93
2191,20147301.0,굿모닝 맨하탄,9.46,65
2192,20141441.0,앵그리스트 맨,9.69,49
2193,20147649.0,벨과 세바스찬,9.38,52
2194,20142021.0,마인드스케이프,9.19,226
2195,20140762.0,지골로 인 뉴욕,8.4,100
2196,20141781.0,꼬마잠수함 올리,9.54,28
2197,20142481.0,왓 이프,8.85,213
2198,20149838.0,유고와 라라 : 신비의 숲 어드벤처,9.47,47
2199,20134436.0,쥬로링 동물탐정 극장판,9.5,36
2200,20143574.0,GROW: 인피니트의 리얼 청춘 라이프,9.68,430
2201,20135946.0,고스트 메신저 극장판,9.67,418
2202,20142110.0,타임 투 러브,9.68,534
2203,20147161.0,디노타샤: 공룡대탐험,8.2,54
2204,20141001.0,거인,9.64,141
2205,20155762.0,진격의 거인: 홍련의 화살,7.74,242
2206,20138501.0,극장판 뛰뛰빵빵 구조대 미션: 둥둥이를 구하라!,8.48,27
2207,20149462.0,천하무적 키코리키,7.0,6
2208,20142964.0,클라우즈 오브 실스마리아,9.63,67
2209,20136736.0,초원의 왕 도제,9.22,41
2210,20148381.0,60만번의 트라이,9.29,262
2211,20148208.0,그랜드 피아노,7.85,60
2212,20143081.0,그 사람 그 사랑 그 세상,10.0,8
2213,20142857.0,슈퍼처방전,9.28,94
2214,20148627.0,누구에게나 찬란한,9.8,35
2215,20149388.0,사막에서 연어낚시,8.96,124
2216,20142182.0,빌리 엘리어트 뮤지컬 라이브,9.85,41
2217,20149494.0,비포 : 치즈와 초콜릿을 찾아서,9.33,3
2218,20147557.0,이디야와 얼음왕국의 전설,6.11,28
2219,20142844.0,본타: 땅콩왕국의 전설,9.21,14
2220,20136865.0,캡틴 하록,8.78,221
2221,20141614.0,더 테너 리리코 스핀토,8.66,131
2222,20148847.0,밀리언 웨이즈,8.98,54
2223,20136935.0,위험한 패밀리,8.64,251
2224,20142741.0,혼스,8.04,440
2225,20148976.0,호비와 쿠우의 어드벤처 : 고래의 노래,8.5,12
2226,20141681.0,엘리아스: 바다의 보물을 찾아라!,9.77,22
2227,20147872.0,프라이버시,8.36,36
2228,20138221.0,산타바바라,8.89,45
2229,20149409.0,오드토머스,7.96,599
2230,20148829.0,가구야공주 이야기,9.44,66
2231,20142341.0,웨스턴 리벤지,9.38,61
2232,20143325.0,토마스와 친구들: 잃어버린 왕관,9.71,17
2233,20147584.0,스턱 인 러브,8.79,77
2234,20136298.0,행복한 사전,9.31,70
2235,20147904.0,"하늘을 나는 강아지, 비포와 친구들",9.57,14
2236,20040763.0,쿼바디스 도미네,6.0,1
2237,20030125.0,봄 여름 가을 겨울 그리고 봄,8.94,17
2238,20130573.0,봄,9.54,68
2239,20141027.0,피노키오의 모험,9.7,10
2240,20143706.0,버진 스노우,9.58,19
2241,20147805.0,런치박스,9.41,70
2242,20140186.0,피막,7.35,240
2243,20147379.0,중2병이라도 사랑이 하고 싶어! 극장판,8.74,345
2244,20147407.0,프로즌 그라운드,8.11,223
2245,20136928.0,그 사람 추기경,9.16,25
2246,20141408.0,황금시대,9.75,20
2247,20147509.0,세이빙 미스터 뱅크스,9.17,23
2248,20134601.0,디태치먼트,9.18,375
2249,20147616.0,사다코 2,7.21,70
2250,20133142.0,르누아르,8.16,32
2251,20147558.0,피쉬와 칩스 극장판,8.5,10
2252,20141609.0,현기증,9.12,84
2253,20136355.0,돈 존,8.1,263
2254,20148681.0,차가운 장미,9.0,10
2255,20141206.0,지미스 홀,10.0,13
2256,20149962.0,곤충왕국 3D,6.33,48
2257,20147690.0,아이스맨,7.76,51
2258,20149952.0,백투더 씨,9.11,19
2259,20147900.0,드래곤 기사단,9.08,151
2260,20149284.0,천번의 굿나잇,9.41,17
2261,20148447.0,일대일,8.8,61
2262,20149313.0,드래프트 데이,9.56,16
2263,20148851.0,암살,8.3,918
2264,20149314.0,내부자들,7.76,1318
2265,20150025.0,내부자들: 디 오리지널,0.0,0
2266,20148846.0,사도,8.66,560
2267,20140110.0,킹스맨 : 시크릿 에이전트,9.32,168
2268,20157881.0,미션 임파서블: 로그네이션,9.59,409
2269,20134798.0,연평해전,9.44,5284
2270,20145503.0,검은 사제들,8.47,523
2271,20136068.0,히말라야,8.2,560
2272,20151383.0,마션,9.6,622
2273,20149570.0,조선명탐정 : 사라진 놉의 딸,8.46,314
2274,20144741.0,매드 맥스: 분노의 도로,8.92,257
2275,20152022.0,인턴,9.55,143
2276,20143580.0,분노의 질주: 더 세븐,9.71,733
2277,20141384.0,터미네이터 제니시스,7.33,1300
2278,20148855.0,극비수사,8.72,237
2279,20155702.0,앤트맨,8.9,417
2280,20149951.0,빅 히어로,7.76,598
2281,20156557.0,탐정 : 더 비기닝,8.44,394
2282,20145361.0,미니언즈,9.41,201
2283,20149569.0,악의 연대기,8.46,237
2284,20136888.0,강남 1970,9.3,1324
2285,20143572.0,뷰티 인사이드,5.63,2679
2286,20141962.0,이미테이션 게임,8.98,443
2287,20144682.0,샌 안드레아스,8.82,270
2288,20148188.0,쎄시봉,2.95,7997
2289,20157464.0,더 폰,9.25,525
2290,20145141.0,위플래쉬,9.38,832
2291,20145171.0,대호,8.29,558
2292,20140703.0,장수상회,9.22,859
2293,20142855.0,성난 변호사,7.93,259
2294,20142402.0,간신,8.31,578
2295,20143541.0,박물관이 살아있다 : 비밀의 무덤,9.4,168
2296,20157465.0,그놈이다,9.3,253
2297,20143513.0,미쓰 와이프,8.57,609
2298,20131262.0,허삼관,9.01,789
2299,20148461.0,살인의뢰,8.62,260
2300,20144683.0,하트 오브 더 씨,8.97,129
2301,20151481.0,헝거게임: 더 파이널,8.66,298
2302,20158241.0,픽셀,8.99,236
2303,20156748.0,열정같은소리하고있네,9.25,444
2304,20145504.0,특종: 량첸살인기,8.48,278
2305,20140193.0,서부전선,8.12,1104
2306,20156402.0,채피,8.85,258
2307,20150501.0,극장판 요괴워치: 탄생의 비밀이다냥!,9.65,175
2308,20148841.0,헬머니,7.82,270
2309,20144322.0,도라에몽 : 스탠 바이 미,9.4,202
2310,20143511.0,오피스,8.2,259
2311,20130021.0,"협녀, 칼의 기억",6.54,1249
2312,20130566.0,무뢰한,9.54,203
2313,20156807.0,뽀로로 극장판 컴퓨터 왕국 대모험,9.76,161
2314,20148553.0,내 심장을 쏴라,9.16,421
2315,20136057.0,소수의견,6.95,1147
2316,20147613.0,그레이의 50가지 그림자,8.26,334
2317,20150470.0,라스트 홈,9.09,54
2318,20155826.0,치외법권,8.39,284
2319,20143754.0,아메리칸 스나이퍼,9.15,101
2320,20151421.0,에베레스트,9.09,105
2321,20149401.0,스폰지밥 3D,9.47,182
2322,20157501.0,극적인 하룻밤,8.62,96
2323,20151815.0,뮨: 달의 요정,9.66,185
2324,20140144.0,도리화가,7.82,987
2325,20149037.0,주피터 어센딩,8.32,170
2326,20144523.0,패딩턴,9.52,284
2327,20155881.0,오즈의 마법사: 돌아온 도로시,8.85,41
2328,20157041.0,런 올 나이트,9.05,128
2329,20100211.0,다이노 타임,9.42,96
2330,20144461.0,인서전트,8.9,237
2331,20156161.0,백 투 더 비기닝,7.99,138
2332,20143510.0,함정,8.1,309
2333,20149948.0,언브로큰,9.66,178
2334,20141602.0,소셜포비아,9.4,86
2335,20155101.0,하늘을 걷는 남자,9.3,99
2336,20142962.0,극장판 포켓몬스터 XY : 파괴의 포켓몬과 디안시,9.43,279
2337,20144442.0,조선마술사,7.78,408
2338,20158704.0,언프렌디드: 친구삭제,8.48,128
2339,20149062.0,연애의 맛,8.73,98
2340,20153702.0,포켓몬 더 무비 XY 후파: 광륜의 초마신,9.63,156
2341,20144801.0,버드맨,7.99,2153
2342,20144621.0,기생수 파트1,8.07,285
2343,20155277.0,더 셰프,8.96,168
2344,20150562.0,팬,8.8,86
2345,20163661.0,레전드 오브 타잔,8.58,106
2346,20155202.0,레전드,9.47,85
2347,20153201.0,트랜스포터: 리퓰드,8.32,545
2348,20150752.0,스누피: 더 피너츠 무비,9.62,261
2349,20156441.0,최강전사 미니특공대 : 새로운 악당의 습격,9.76,34
2350,20140609.0,아메리칸 셰프,9.2,339
2351,20158461.0,짱구는 못말려 극장판 : 정면승부! 로봇아빠의 역습,9.6,524
2352,20147947.0,워킹걸,3.92,2796
2353,20151002.0,우먼 인 골드,9.39,108
2354,20133682.0,화장,8.32,231
2355,20144102.0,워터 디바이너,9.22,108
2356,20142856.0,나의 절친 악당들,9.04,320
2357,20156970.0,심야식당,8.5,2
2358,20153039.0,러브 라이브! 더 스쿨 아이돌 무비,8.67,398
2359,20155874.0,미라클 벨리에,9.42,127
2360,20158481.0,퇴마: 무녀굴,8.41,188
2361,20143253.0,존 윅,7.76,783
2362,20153470.0,극장판 도라에몽 : 진구의 우주영웅기~스페이스 히어로즈~,9.67,364
2363,20145042.0,스틸 앨리스,8.8,60
2364,20151521.0,셀프/리스,8.34,71
2365,20152745.0,맨 프롬 UNCLE,9.36,143
2366,20157904.0,더 건맨,9.01,72
2367,20155690.0,프리덤,9.36,22
2368,20153083.0,사우스포,9.16,965
2369,20145501.0,돌연변이,8.96,536
2370,20157883.0,극장판 파워레인저 트레인포스 VS 다이노포스 THE MOVIE,9.63,180
2371,20158428.0,빌리와 용감한 녀석들 3,9.24,202
2372,20142561.0,7번째 아들,7.57,68
2373,20158062.0,숀더쉽,9.54,166
2374,20153022.0,더 매직: 리틀톰과 도둑공주,9.59,130
2375,20152869.0,갤로우즈,8.93,332
2376,20145085.0,세인트 빈센트,9.28,178
2377,20144507.0,빅 아이즈,8.94,146
2378,20145041.0,더 이퀄라이저,8.22,516
2379,20151782.0,지금은맞고그때는틀리다,8.44,36
2380,20145242.0,모데카이,8.25,106
2381,20150522.0,러덜리스,9.22,40
2382,20141060.0,쓰리 썸머 나잇,7.31,250
2383,20144481.0,타임 패러독스,8.43,607
2384,20156977.0,위자,6.87,106
2385,20156301.0,다크 플레이스,9.24,83
2386,20157096.0,보루토 - 나루토 더 무비,9.76,231
2387,20158561.0,기생수 파트2,7.81,79
2388,20158670.0,위아영,9.32,94
2389,20156383.0,아더와 미니모이 3: 두 세계의 전쟁,9.28,70
2390,20154621.0,주온: 더 파이널,6.0,109
2391,20156275.0,파더 앤 도터,9.38,914
2392,20156704.0,드래곤 블레이드,7.74,316
2393,20153025.0,대니 콜린스,9.58,78
2394,20145103.0,나이트 크롤러,8.37,338
2395,20150862.0,더 랍스터,9.4,65
2396,20156360.0,개구리왕국,9.17,66
2397,20158885.0,이웃집에 신이 산다,8.31,32
2398,20156241.0,더 라스트: 나루토 더 무비,9.61,305
2399,20155601.0,바다 탐험대 옥토넛 스페셜,9.31,36
2400,20155639.0,더 비지트,7.95,76
2401,20156102.0,바닷마을 다이어리,9.14,173
2402,20149961.0,미안해 사랑해 고마워,8.49,86
2403,20157197.0,라스트 위치 헌터,9.42,235
2404,20154162.0,스트레이트 아웃 오브 컴턴,9.18,76
2405,20157121.0,송 원,8.33,217
2406,20154729.0,이스케이프,8.75,51
2407,20142884.0,엘리노어 릭비: 그 남자 그 여자,8.92,37
2408,20156570.0,크림슨 피크,9.29,115
2409,20141085.0,한 번 더 해피엔딩,9.35,26
2410,20153282.0,피케이: 별에서 온 얼간이,9.56,227
2411,20156321.0,약장수,8.26,178
2412,20145281.0,코블러,8.56,278
2413,20159223.0,데모닉,6.78,329
2414,20158091.0,유고와 라라: 하늘고래와 구름섬 대모험,9.67,9
2415,20144183.0,"웰컴, 삼바",8.9,40
2416,20155562.0,아델라인 : 멈춰진 시간,8.49,47
2417,20143045.0,내일을 위한 시간,9.2,25
2418,20162568.0,신은 죽지 않았다 2,7.97,66
2419,20157782.0,신은 죽지 않았다,6.03,294
2420,20141598.0,타이밍,8.4,169
2421,20159221.0,정글번치: 너구리 해적단과 보물지도,9.38,45
2422,20155646.0,위아 유어 프렌즈,8.5,119
2423,20156904.0,추억의 마니,9.19,120
2424,20159573.0,령 : 저주받은 사진,8.69,52
2425,20147803.0,한여름의 판타지아,9.12,16
2426,20150255.0,리틀드래곤 코코넛,9.59,103
2427,20157394.0,팔로우,8.66,35
2428,20157021.0,"땡큐, 대디",9.65,118
2429,20157587.0,파울볼,9.36,280
2430,20149264.0,춘희막이,9.09,172
2431,20151623.0,앙: 단팥 인생 이야기,9.23,43
2432,20159001.0,라자루스,8.39,76
2433,20151821.0,러브 앤 머시,8.6,81
2434,20157001.0,트레이서,9.44,63
2435,20144121.0,폭스캐처,8.26,78
2436,20158703.0,트래쉬,0.0,0
2437,20157584.0,윈드랜드,9.32,154
2438,20151482.0,종이 달,9.71,21
2439,20155022.0,드래곤볼 Z : 부활의 F,8.81,209
2440,20143942.0,엘리제궁의 요리사,9.33,12
2441,20159442.0,차일드 44,9.52,81
2442,20159063.0,트립 투 이탈리아,7.37,19
2443,20157702.0,스윗 프랑세즈,9.13,167
2444,20151202.0,난 그녀와 키스했다,9.18,11
2445,20155602.0,라이프,9.34,87
2446,20145402.0,옐로우버드,9.31,123
2447,20156101.0,비비안 마이어를 찾아서,8.3,10
2448,20151302.0,무민 더 무비,9.69,96
2449,20152121.0,리그레션,8.94,69
2450,20133681.0,태양을 쏴라,9.04,77
2451,20144323.0,유아 낫 유,9.35,260
2452,20143502.0,어떤살인,8.62,89
2453,20153521.0,이민자,7.86,88
2454,20153522.0,어바웃 리키,9.26,54
2455,20156047.0,나쁜 나라,4.01,1879
2456,20150061.0,셀마,9.37,76
2457,20158951.0,순교,9.2,41
2458,20140207.0,꼬마 유령,8.0,14
2459,20140190.0,사랑이 이긴다,9.65,49
2460,20158484.0,아스테릭스: 신들의 전당,9.46,85
2461,20159521.0,라이드 : 나에게로의 여행,9.27,45
2462,20157421.0,뷰티풀 라이,9.02,53
2463,20155725.0,리틀 보이,8.8,101
2464,20150661.0,"알로, 슈티",9.22,83
2465,20150963.0,호비와 엄마나무섬의 비밀,9.91,11
2466,20141702.0,위로공단,9.0,18
2467,20159901.0,네이든,9.63,54
2468,20144642.0,미스터 터너,8.62,8
2469,20150563.0,베스트 오브 미,9.0,23
2470,20144927.0,블랙버드,9.44,32
2471,20155057.0,온리 유,8.63,27
2472,20154734.0,피아니스트 세이모어의 뉴욕 소네트,9.44,36
2473,20149298.0,어우동: 주인 없는 꽃,6.07,128
2474,20147130.0,타투,8.25,61
2475,20143922.0,결혼하지 않아도 괜찮을까,9.0,26
2476,20157986.0,검은손,8.47,53
2477,20150841.0,카이트,3.8,10
2478,20153982.0,에이미,9.42,117
2479,20151962.0,블러바드,9.77,26
2480,20144522.0,바티칸 뮤지엄,9.0,90
2481,20154207.0,퇴마전: 마령검의 비밀,5.64,104
2482,20143941.0,파리 폴리,8.4,10
2483,20153422.0,제 7기사단,7.79,235
2484,20154323.0,슈퍼레이서 엔지,10.0,14
2485,20158518.0,리틀 포레스트 2: 겨울과 봄,9.29,35
2486,20143983.0,우주로봇 씨어,9.0,37
2487,20142241.0,트라이브,8.62,8
2488,20142282.0,리바이어던,8.27,26
2489,20151901.0,디올 앤 아이,9.75,4
2490,20156643.0,모스트 바이어런트,8.56,18
2491,20152962.0,나의 어머니,8.79,39
2492,20145507.0,검사외전,8.99,748
2493,20159364.0,캡틴 아메리카: 시빌 워,9.44,1149
2494,20140194.0,곡성,8.81,820
2495,20144444.0,아가씨,7.91,447
2496,20153781.0,데드풀,9.25,1385
2497,20150523.0,엑스맨: 아포칼립스,9.08,762
2498,20154001.0,레버넌트: 죽음에서 돌아온 자,8.61,946
2499,20150782.0,인디펜던스 데이 : 리써전스,9.22,710
2500,20142406.0,탐정 홍길동: 사라진 마을,8.47,344
2501,20155422.0,굿 다이노,9.09,191
2502,20157042.0,셜록: 유령신부,9.66,309
2503,20159645.0,특별수사: 사형수의 편지,8.85,374
2504,20159058.0,도리를 찾아서,9.65,264
2505,20142621.0,시간이탈자,8.92,383
2506,20158482.0,동주,9.26,241
2507,20158150.0,워크래프트: 전쟁의 서막,9.22,1595
2508,20158483.0,오빠생각,9.06,684
2509,20152782.0,"날, 보러와요",8.13,119
2510,20163215.0,미 비포 유,9.58,354
2511,20159162.0,갓 오브 이집트,8.22,130
2512,20151884.0,런던 해즈 폴른,8.31,169
2513,20156207.0,앵그리버드 더 무비,8.81,84
2514,20150203.0,나우 유 씨 미 2,8.8,1301
2515,20068576.0,그날의 분위기,8.32,285
2516,20154906.0,사냥,8.27,398
2517,20145396.0,널 기다리며,9.37,742
2518,20163018.0,싱 스트리트,9.55,352
2519,20145506.0,해어화,6.08,2074
2520,20156559.0,계춘할망,8.99,466
2521,20157466.0,"로봇, 소리",9.17,832
2522,20159199.0,빅쇼트,8.98,106
2523,20158984.0,헌츠맨: 윈터스 워,8.04,159
2524,20163137.0,나의 소녀시대,9.24,374
2525,20150942.0,캐롤,9.32,74
2526,20150565.0,스포트라이트,9.23,91
2527,20157158.0,구스범스,8.65,773
2528,20153087.0,포인트 브레이크,8.98,225
2529,20162704.0,극장판 안녕 자두야,9.25,32
2530,20151021.0,순정,9.29,1102
2531,20161964.0,독수리 에디,9.35,327
2532,20150024.0,짱구는 못말려 극장판: 나의 이사 이야기 선인장 대습격,9.19,230
2533,20159643.0,글로리데이,9.46,938
2534,20161881.0,부활,8.71,51
2535,20158529.0,조이,9.38,285
2536,20162300.0,매직브러시,9.52,223
2537,20150902.0,대배우,9.01,187
2538,20162161.0,미스컨덕트,8.5,229
2539,20161630.0,13시간,8.49,109
2540,20150725.0,극장판 아이엠스타 : 꿈의 오디션!,9.49,317
2541,20161745.0,제 5침공,7.46,192
2542,20155020.0,대니쉬 걸,9.48,110
2543,20159510.0,헤이트풀8,8.84,229
2544,20159657.0,최강전사 미니특공대: 영웅의 탄생,9.66,102
2545,20162542.0,다이노소어 어드벤처 : 백악기 공룡대백과,7.96,27
2546,20162381.0,일사각오,9.85,62
2547,20163202.0,크리미널,8.93,179
2548,20162569.0,오베라는 남자,9.61,207
2549,20163164.0,본 투 비 블루,9.42,106
2550,20156063.0,룸,9.02,178
2551,20158882.0,유스,8.72,141
2552,20162461.0,다이노X 탐험대,8.98,84
2553,20161968.0,오 마이 그랜파,8.86,124
2554,20150903.0,번개맨,8.31,336
2555,20161382.0,레터스 투 갓,9.05,55
2556,20161870.0,트럼보,9.16,352
2557,20161561.0,바다 탐험대 옥토넛 시즌4: 빙하탐험선S,9.0,9
2558,20162925.0,더 보이,0.0,0
2559,20162431.0,극장판 프랭키와 친구들: 생명의 나무,9.63,187
2560,20150456.0,드레스메이커,9.39,75
2561,20152370.0,잡아야 산다,7.84,292
2562,20154521.0,브루클린의 멋진 주말,9.45,49
2563,20162001.0,포레스트: 죽음의 숲,6.5,145
2564,20165042.0,빅뱅 메이드,8.89,302
2565,20161594.0,마음이 외치고 싶어해,9.3,87
2566,20162321.0,트리플 9,9.57,145
2567,20163182.0,하드코어 헨리,8.91,253
2568,20161583.0,스푹스:MI5,8.1,111
2569,20162245.0,33,8.95,248
2570,20163322.0,동급생,9.67,30
2571,20161905.0,나의 그리스식 웨딩 2,9.5,137
2572,19818004.0,불의 전차,7.95,153
2573,20161921.0,"헤일, 시저!",9.0,65
2574,20161842.0,태양 아래,9.5,123
2575,20163411.0,서프러제트,9.32,116
2576,20162063.0,하이-라이즈,9.58,172
2577,20158888.0,45년 후,8.3,60
2578,20161941.0,하이 스피드! –프리! 스타팅 데이즈-,9.84,63
2579,20161722.0,히야,9.88,625
2580,20159445.0,세기의 매치,9.21,58
2581,20144441.0,섬. 사라진 사람들,9.39,553
2582,20161461.0,프란치스코,9.0,32
2583,20030412.0,무간도2 - 혼돈의 시대 ,9.67,3
2584,20158905.0,버스 657,8.01,235
2585,20163081.0,미라클 프롬 헤븐,9.74,57
2586,20164747.0,리틀 폭스,8.93,75
2587,20152541.0,무수단,7.17,511
2588,20154902.0,자객 섭은낭,7.5,129
2589,20156083.0,트윈스터즈,9.44,16
2590,20156080.0,나쁜놈은 죽는다,6.97,547
2591,20161598.0,산이 울다,9.12,40
2592,20164387.0,미스터 라잇,9.12,25
2593,20159965.0,겁쟁이 페달: 더 무비,9.45,49
2594,20155174.0,미니 자이언트,9.16,19
2595,20157441.0,멜리스,7.62,58
2596,20163441.0,몽키킹2: 서유기 여정의 시작,7.29,143
2597,20162101.0,최악의 이웃과 사랑에 빠지는 방법,9.14,186
